<annotation>
        <folder>VineDataset</folder>
        <filename>anglerandom_tomate_barroselas_20200806_0035_10.jpg</filename>
        <path>anglerandom_tomate_barroselas_20200806_0035_10.jpg</path>
        <source>
                <database>Unknown</database>
        </source>
        <size>
                <width>300</width>
                <height>300</height>
                <depth>3</depth>
        </size>
        <segmented>0</segmented>
        <object>
                <name>tomato</name>
                <pose>Unspecified</pose>
                <truncated>0</truncated>
                <difficult>0</difficult>
                <bndbox>
                        <xmin>53.185207</xmin>
                        <ymin>157.15388</ymin>
                        <xmax>116.8132</xmax>
                        <ymax>220.805</ymax>
                </bndbox>
        </object>
        <object>
                <name>tomato</name>
                <pose>Unspecified</pose>
                <truncated>0</truncated>
                <difficult>0</difficult>
                <bndbox>
                        <xmin>58.170586</xmin>
                        <ymin>190.39076</ymin>
                        <xmax>112.612946</xmax>
                        <ymax>244.84274</ymax>
                </bndbox>
        </object>
        <object>
                <name>tomato</name>
                <pose>Unspecified</pose>
                <truncated>0</truncated>
                <difficult>0</difficult>
                <bndbox>
                        <xmin>193.81169</xmin>
                        <ymin>97.57206</ymin>
                        <xmax>256.7451</xmax>
                        <ymax>160.50354</ymax>
                </bndbox>
        </object>
        <object>
                <name>tomato</name>
                <pose>Unspecified</pose>
                <truncated>0</truncated>
                <difficult>0</difficult>
                <bndbox>
                        <xmin>174.65144</xmin>
                        <ymin>47.393528</ymin>
                        <xmax>236.16872</xmax>
                        <ymax>108.91273</ymax>
                </bndbox>
        </object>
        <object>
                <name>tomato</name>
                <pose>Unspecified</pose>
                <truncated>0</truncated>
                <difficult>0</difficult>
                <bndbox>
                        <xmin>172.5754</xmin>
                        <ymin>79.92233</ymin>
                        <xmax>227.01004</xmax>
                        <ymax>134.38203</ymax>
                </bndbox>
        </object>
</annotation>
