<annotation>
        <folder>VineDataset</folder>
        <filename>anglerandom_tomate_barroselas_20200806_0069_03.jpg</filename>
        <path>anglerandom_tomate_barroselas_20200806_0069_03.jpg</path>
        <source>
                <database>Unknown</database>
        </source>
        <size>
                <width>300</width>
                <height>300</height>
                <depth>3</depth>
        </size>
        <segmented>0</segmented>
        <object>
                <name>tomato</name>
                <pose>Unspecified</pose>
                <truncated>0</truncated>
                <difficult>0</difficult>
                <bndbox>
                        <xmin>162.0205</xmin>
                        <ymin>228.21373</ymin>
                        <xmax>214.42365</xmax>
                        <ymax>267.6339</ymax>
                </bndbox>
        </object>
        <object>
                <name>tomato</name>
                <pose>Unspecified</pose>
                <truncated>0</truncated>
                <difficult>0</difficult>
                <bndbox>
                        <xmin>122.11912</xmin>
                        <ymin>218.42384</ymin>
                        <xmax>164.04065</xmax>
                        <ymax>264.05478</ymax>
                </bndbox>
        </object>
        <object>
                <name>tomato</name>
                <pose>Unspecified</pose>
                <truncated>0</truncated>
                <difficult>0</difficult>
                <bndbox>
                        <xmin>164.51189</xmin>
                        <ymin>102.033134</ymin>
                        <xmax>192.3426</xmax>
                        <ymax>130.79121</ymax>
                </bndbox>
        </object>
</annotation>
