<annotation>
        <folder>VineDataset</folder>
        <filename>anglerandom_tomate_barroselas_20200806_0211_12.jpg</filename>
        <path>anglerandom_tomate_barroselas_20200806_0211_12.jpg</path>
        <source>
                <database>Unknown</database>
        </source>
        <size>
                <width>300</width>
                <height>300</height>
                <depth>3</depth>
        </size>
        <segmented>0</segmented>
        <object>
                <name>tomato</name>
                <pose>Unspecified</pose>
                <truncated>0</truncated>
                <difficult>0</difficult>
                <bndbox>
                        <xmin>231.62866</xmin>
                        <ymin>67.1087</ymin>
                        <xmax>300.0</xmax>
                        <ymax>146.5559</ymax>
                </bndbox>
        </object>
</annotation>
