<annotation>
        <folder>VineDataset</folder>
        <filename>anglerandom_tomate_barroselas_20200806_0201_13.jpg</filename>
        <path>anglerandom_tomate_barroselas_20200806_0201_13.jpg</path>
        <source>
                <database>Unknown</database>
        </source>
        <size>
                <width>300</width>
                <height>300</height>
                <depth>3</depth>
        </size>
        <segmented>0</segmented>
        <object>
                <name>tomato</name>
                <pose>Unspecified</pose>
                <truncated>0</truncated>
                <difficult>0</difficult>
                <bndbox>
                        <xmin>50.363922</xmin>
                        <ymin>77.12851</ymin>
                        <xmax>150.57857</xmax>
                        <ymax>180.59137</ymax>
                </bndbox>
        </object>
        <object>
                <name>tomato</name>
                <pose>Unspecified</pose>
                <truncated>0</truncated>
                <difficult>0</difficult>
                <bndbox>
                        <xmin>23.294153</xmin>
                        <ymin>128.75427</ymin>
                        <xmax>115.60548</xmax>
                        <ymax>226.16995</ymax>
                </bndbox>
        </object>
</annotation>
