<annotation>
        <folder>VineDataset</folder>
        <filename>anglerandom_tomate_barroselas_20200806_0237_07.jpg</filename>
        <path>anglerandom_tomate_barroselas_20200806_0237_07.jpg</path>
        <source>
                <database>Unknown</database>
        </source>
        <size>
                <width>300</width>
                <height>300</height>
                <depth>3</depth>
        </size>
        <segmented>0</segmented>
        <object>
                <name>tomato</name>
                <pose>Unspecified</pose>
                <truncated>0</truncated>
                <difficult>0</difficult>
                <bndbox>
                        <xmin>67.07755</xmin>
                        <ymin>0.0</ymin>
                        <xmax>156.43623</xmax>
                        <ymax>86.79829</ymax>
                </bndbox>
        </object>
</annotation>
