<annotation>
        <folder>VineDataset</folder>
        <filename>anglerandom_tomate_barroselas_20200806_0125_07.jpg</filename>
        <path>anglerandom_tomate_barroselas_20200806_0125_07.jpg</path>
        <source>
                <database>Unknown</database>
        </source>
        <size>
                <width>300</width>
                <height>300</height>
                <depth>3</depth>
        </size>
        <segmented>0</segmented>
        <object>
                <name>tomato</name>
                <pose>Unspecified</pose>
                <truncated>0</truncated>
                <difficult>0</difficult>
                <bndbox>
                        <xmin>160.90346</xmin>
                        <ymin>0.515664</ymin>
                        <xmax>216.33846</xmax>
                        <ymax>29.301643</ymax>
                </bndbox>
        </object>
        <object>
                <name>tomato</name>
                <pose>Unspecified</pose>
                <truncated>0</truncated>
                <difficult>0</difficult>
                <bndbox>
                        <xmin>185.43823</xmin>
                        <ymin>6.316113</ymin>
                        <xmax>227.97072</xmax>
                        <ymax>62.602924</ymax>
                </bndbox>
        </object>
        <object>
                <name>tomato</name>
                <pose>Unspecified</pose>
                <truncated>0</truncated>
                <difficult>0</difficult>
                <bndbox>
                        <xmin>218.66977</xmin>
                        <ymin>8.414678</ymin>
                        <xmax>259.9555</xmax>
                        <ymax>47.981106</ymax>
                </bndbox>
        </object>
</annotation>
