<annotation>
        <folder>VineDataset</folder>
        <filename>anglerandom_tomate_barroselas_20200806_0282_14.jpg</filename>
        <path>anglerandom_tomate_barroselas_20200806_0282_14.jpg</path>
        <source>
                <database>Unknown</database>
        </source>
        <size>
                <width>300</width>
                <height>300</height>
                <depth>3</depth>
        </size>
        <segmented>0</segmented>
        <object>
                <name>tomato</name>
                <pose>Unspecified</pose>
                <truncated>0</truncated>
                <difficult>0</difficult>
                <bndbox>
                        <xmin>39.62019</xmin>
                        <ymin>147.8464</ymin>
                        <xmax>143.86906</xmax>
                        <ymax>243.77916</ymax>
                </bndbox>
        </object>
        <object>
                <name>tomato</name>
                <pose>Unspecified</pose>
                <truncated>0</truncated>
                <difficult>0</difficult>
                <bndbox>
                        <xmin>40.88691</xmin>
                        <ymin>185.93564</ymin>
                        <xmax>156.94853</xmax>
                        <ymax>296.10666</ymax>
                </bndbox>
        </object>
</annotation>
