<annotation>
        <folder>VineDataset</folder>
        <filename>anglerandom_tomate_barroselas_20200806_0061_08.jpg</filename>
        <path>anglerandom_tomate_barroselas_20200806_0061_08.jpg</path>
        <source>
                <database>Unknown</database>
        </source>
        <size>
                <width>300</width>
                <height>300</height>
                <depth>3</depth>
        </size>
        <segmented>0</segmented>
        <object>
                <name>tomato</name>
                <pose>Unspecified</pose>
                <truncated>0</truncated>
                <difficult>0</difficult>
                <bndbox>
                        <xmin>46.650665</xmin>
                        <ymin>118.23379</ymin>
                        <xmax>117.91704</xmax>
                        <ymax>190.65967</ymax>
                </bndbox>
        </object>
        <object>
                <name>tomato</name>
                <pose>Unspecified</pose>
                <truncated>0</truncated>
                <difficult>0</difficult>
                <bndbox>
                        <xmin>74.76934</xmin>
                        <ymin>151.0271</ymin>
                        <xmax>144.05905</xmax>
                        <ymax>221.24442</ymax>
                </bndbox>
        </object>
        <object>
                <name>tomato</name>
                <pose>Unspecified</pose>
                <truncated>0</truncated>
                <difficult>0</difficult>
                <bndbox>
                        <xmin>48.056713</xmin>
                        <ymin>94.635376</ymin>
                        <xmax>115.95136</xmax>
                        <ymax>163.45763</ymax>
                </bndbox>
        </object>
        <object>
                <name>tomato</name>
                <pose>Unspecified</pose>
                <truncated>0</truncated>
                <difficult>0</difficult>
                <bndbox>
                        <xmin>13.63278</xmin>
                        <ymin>130.65701</ymin>
                        <xmax>76.29683</xmax>
                        <ymax>194.94437</ymax>
                </bndbox>
        </object>
        <object>
                <name>tomato</name>
                <pose>Unspecified</pose>
                <truncated>0</truncated>
                <difficult>0</difficult>
                <bndbox>
                        <xmin>14.081947</xmin>
                        <ymin>160.53506</ymin>
                        <xmax>81.16677</xmax>
                        <ymax>231.56223</ymax>
                </bndbox>
        </object>
</annotation>
