<annotation>
        <folder>VineDataset</folder>
        <filename>anglerandom_tomate_barroselas_20200806_0134_10.jpg</filename>
        <path>anglerandom_tomate_barroselas_20200806_0134_10.jpg</path>
        <source>
                <database>Unknown</database>
        </source>
        <size>
                <width>300</width>
                <height>300</height>
                <depth>3</depth>
        </size>
        <segmented>0</segmented>
        <object>
                <name>tomato</name>
                <pose>Unspecified</pose>
                <truncated>0</truncated>
                <difficult>0</difficult>
                <bndbox>
                        <xmin>217.49106</xmin>
                        <ymin>268.3014</ymin>
                        <xmax>268.5874</xmax>
                        <ymax>300.0</ymax>
                </bndbox>
        </object>
        <object>
                <name>tomato</name>
                <pose>Unspecified</pose>
                <truncated>0</truncated>
                <difficult>0</difficult>
                <bndbox>
                        <xmin>182.98753</xmin>
                        <ymin>262.42712</ymin>
                        <xmax>228.16899</xmax>
                        <ymax>300.0</ymax>
                </bndbox>
        </object>
        <object>
                <name>tomato</name>
                <pose>Unspecified</pose>
                <truncated>0</truncated>
                <difficult>0</difficult>
                <bndbox>
                        <xmin>199.46039</xmin>
                        <ymin>84.098854</ymin>
                        <xmax>227.4837</xmax>
                        <ymax>113.758125</ymax>
                </bndbox>
        </object>
        <object>
                <name>tomato</name>
                <pose>Unspecified</pose>
                <truncated>0</truncated>
                <difficult>0</difficult>
                <bndbox>
                        <xmin>67.1649</xmin>
                        <ymin>249.52306</ymin>
                        <xmax>103.76729</xmax>
                        <ymax>290.21533</ymax>
                </bndbox>
        </object>
        <object>
                <name>tomato</name>
                <pose>Unspecified</pose>
                <truncated>0</truncated>
                <difficult>0</difficult>
                <bndbox>
                        <xmin>216.99481</xmin>
                        <ymin>81.5407</ymin>
                        <xmax>265.9517</xmax>
                        <ymax>132.95152</ymax>
                </bndbox>
        </object>
        <object>
                <name>tomato</name>
                <pose>Unspecified</pose>
                <truncated>0</truncated>
                <difficult>0</difficult>
                <bndbox>
                        <xmin>155.24536</xmin>
                        <ymin>68.827515</ymin>
                        <xmax>214.03918</xmax>
                        <ymax>116.16965</ymax>
                </bndbox>
        </object>
</annotation>
