<annotation>
        <folder>VineDataset</folder>
        <filename>anglerandom_tomate_barroselas_20200806_0274_08.jpg</filename>
        <path>anglerandom_tomate_barroselas_20200806_0274_08.jpg</path>
        <source>
                <database>Unknown</database>
        </source>
        <size>
                <width>300</width>
                <height>300</height>
                <depth>3</depth>
        </size>
        <segmented>0</segmented>
        <object>
                <name>tomato</name>
                <pose>Unspecified</pose>
                <truncated>0</truncated>
                <difficult>0</difficult>
                <bndbox>
                        <xmin>151.25157</xmin>
                        <ymin>1.8601551</ymin>
                        <xmax>204.58038</xmax>
                        <ymax>65.33994</ymax>
                </bndbox>
        </object>
        <object>
                <name>tomato</name>
                <pose>Unspecified</pose>
                <truncated>0</truncated>
                <difficult>0</difficult>
                <bndbox>
                        <xmin>16.179373</xmin>
                        <ymin>7.856931</ymin>
                        <xmax>40.827057</xmax>
                        <ymax>32.504616</ymax>
                </bndbox>
        </object>
</annotation>
