<annotation>
        <folder>VineDataset</folder>
        <filename>anglerandom_tomate_barroselas_20200806_0087_03.jpg</filename>
        <path>anglerandom_tomate_barroselas_20200806_0087_03.jpg</path>
        <source>
                <database>Unknown</database>
        </source>
        <size>
                <width>300</width>
                <height>300</height>
                <depth>3</depth>
        </size>
        <segmented>0</segmented>
        <object>
                <name>tomato</name>
                <pose>Unspecified</pose>
                <truncated>0</truncated>
                <difficult>0</difficult>
                <bndbox>
                        <xmin>169.58963</xmin>
                        <ymin>197.6122</ymin>
                        <xmax>224.42111</xmax>
                        <ymax>254.59483</ymax>
                </bndbox>
        </object>
        <object>
                <name>tomato</name>
                <pose>Unspecified</pose>
                <truncated>0</truncated>
                <difficult>0</difficult>
                <bndbox>
                        <xmin>197.89073</xmin>
                        <ymin>189.39296</ymin>
                        <xmax>269.058</xmax>
                        <ymax>261.78946</ymax>
                </bndbox>
        </object>
        <object>
                <name>tomato</name>
                <pose>Unspecified</pose>
                <truncated>0</truncated>
                <difficult>0</difficult>
                <bndbox>
                        <xmin>178.7793</xmin>
                        <ymin>153.19963</ymin>
                        <xmax>246.87842</xmax>
                        <ymax>223.1426</ymax>
                </bndbox>
        </object>
        <object>
                <name>tomato</name>
                <pose>Unspecified</pose>
                <truncated>0</truncated>
                <difficult>0</difficult>
                <bndbox>
                        <xmin>182.90578</xmin>
                        <ymin>123.288864</ymin>
                        <xmax>248.78555</xmax>
                        <ymax>185.78825</ymax>
                </bndbox>
        </object>
</annotation>
