<annotation>
        <folder>VineDataset</folder>
        <filename>anglerandom_tomate_barroselas_20200806_0025_15.jpg</filename>
        <path>anglerandom_tomate_barroselas_20200806_0025_15.jpg</path>
        <source>
                <database>Unknown</database>
        </source>
        <size>
                <width>300</width>
                <height>300</height>
                <depth>3</depth>
        </size>
        <segmented>0</segmented>
        <object>
                <name>tomato</name>
                <pose>Unspecified</pose>
                <truncated>0</truncated>
                <difficult>0</difficult>
                <bndbox>
                        <xmin>121.89851</xmin>
                        <ymin>175.95555</ymin>
                        <xmax>158.95874</xmax>
                        <ymax>214.01419</ymax>
                </bndbox>
        </object>
        <object>
                <name>tomato</name>
                <pose>Unspecified</pose>
                <truncated>0</truncated>
                <difficult>0</difficult>
                <bndbox>
                        <xmin>155.91592</xmin>
                        <ymin>158.0095</ymin>
                        <xmax>198.98724</xmax>
                        <ymax>203.07767</ymax>
                </bndbox>
        </object>
</annotation>
