<annotation>
	<folder>JPEGImages</folder>
	<filename>anglerandom_tomate_barroselas_20200806_0015_14.jpg</filename>
	<path>/home/samagalhaes/Pictures/TomatoBarroselas_20201006_17h29_300x300/JPEGImages/anglerandom_tomate_barroselas_20200806_0015_14.jpg</path>
	<source>
		<database>Unknown</database>
	</source>
	<size>
		<width>300</width>
		<height>300</height>
		<depth>3</depth>
	</size>
	<segmented>0</segmented>
	<object>
		<name>tomato</name>
		<pose>Unspecified</pose>
		<truncated>1</truncated>
		<difficult>0</difficult>
		<bndbox>
			<xmin>256</xmin>
			<ymin>73</ymin>
			<xmax>300</xmax>
			<ymax>141</ymax>
		</bndbox>
	</object>
</annotation>
