<annotation>
        <folder>VineDataset</folder>
        <filename>anglerandom_tomate_barroselas_20200806_0045_08.jpg</filename>
        <path>anglerandom_tomate_barroselas_20200806_0045_08.jpg</path>
        <source>
                <database>Unknown</database>
        </source>
        <size>
                <width>300</width>
                <height>300</height>
                <depth>3</depth>
        </size>
        <segmented>0</segmented>
        <object>
                <name>tomato</name>
                <pose>Unspecified</pose>
                <truncated>0</truncated>
                <difficult>0</difficult>
                <bndbox>
                        <xmin>40.862144</xmin>
                        <ymin>223.35709</ymin>
                        <xmax>101.798645</xmax>
                        <ymax>282.4933</ymax>
                </bndbox>
        </object>
</annotation>
