<annotation>
	<folder>JPEGImages</folder>
	<filename>anglerandom_tomate_barroselas_20200806_0072_16.jpg</filename>
	<path>/home/samagalhaes/Pictures/TomatoBarroselas_20201006_17h29_300x300/JPEGImages/anglerandom_tomate_barroselas_20200806_0072_16.jpg</path>
	<source>
		<database>Unknown</database>
	</source>
	<size>
		<width>300</width>
		<height>300</height>
		<depth>3</depth>
	</size>
	<segmented>0</segmented>
	<object>
		<name>tomato</name>
		<pose>Unspecified</pose>
		<truncated>1</truncated>
		<difficult>0</difficult>
		<bndbox>
			<xmin>1</xmin>
			<ymin>111</ymin>
			<xmax>38</xmax>
			<ymax>163</ymax>
		</bndbox>
	</object>
	<object>
		<name>tomato</name>
		<pose>Unspecified</pose>
		<truncated>0</truncated>
		<difficult>0</difficult>
		<bndbox>
			<xmin>90</xmin>
			<ymin>184</ymin>
			<xmax>153</xmax>
			<ymax>245</ymax>
		</bndbox>
	</object>
</annotation>
