<annotation>
        <folder>VineDataset</folder>
        <filename>anglerandom_tomate_barroselas_20200806_0179_16.jpg</filename>
        <path>anglerandom_tomate_barroselas_20200806_0179_16.jpg</path>
        <source>
                <database>Unknown</database>
        </source>
        <size>
                <width>300</width>
                <height>300</height>
                <depth>3</depth>
        </size>
        <segmented>0</segmented>
        <object>
                <name>tomato</name>
                <pose>Unspecified</pose>
                <truncated>0</truncated>
                <difficult>0</difficult>
                <bndbox>
                        <xmin>196.13098</xmin>
                        <ymin>28.692314</ymin>
                        <xmax>271.64154</xmax>
                        <ymax>110.76989</ymax>
                </bndbox>
        </object>
</annotation>
