<annotation>
        <folder>VineDataset</folder>
        <filename>anglerandom_tomate_barroselas_20200806_0288_06.jpg</filename>
        <path>anglerandom_tomate_barroselas_20200806_0288_06.jpg</path>
        <source>
                <database>Unknown</database>
        </source>
        <size>
                <width>300</width>
                <height>300</height>
                <depth>3</depth>
        </size>
        <segmented>0</segmented>
        <object>
                <name>tomato</name>
                <pose>Unspecified</pose>
                <truncated>0</truncated>
                <difficult>0</difficult>
                <bndbox>
                        <xmin>229.57127</xmin>
                        <ymin>94.48237</ymin>
                        <xmax>300.0</xmax>
                        <ymax>176.23067</ymax>
                </bndbox>
        </object>
</annotation>
