<annotation>
        <folder>VineDataset</folder>
        <filename>anglerandom_tomate_barroselas_20200806_0057_13.jpg</filename>
        <path>anglerandom_tomate_barroselas_20200806_0057_13.jpg</path>
        <source>
                <database>Unknown</database>
        </source>
        <size>
                <width>300</width>
                <height>300</height>
                <depth>3</depth>
        </size>
        <segmented>0</segmented>
        <object>
                <name>tomato</name>
                <pose>Unspecified</pose>
                <truncated>0</truncated>
                <difficult>0</difficult>
                <bndbox>
                        <xmin>118.80017</xmin>
                        <ymin>0.0</ymin>
                        <xmax>162.97049</xmax>
                        <ymax>36.328045</ymax>
                </bndbox>
        </object>
        <object>
                <name>tomato</name>
                <pose>Unspecified</pose>
                <truncated>0</truncated>
                <difficult>0</difficult>
                <bndbox>
                        <xmin>150.11925</xmin>
                        <ymin>7.978622</ymin>
                        <xmax>185.6925</xmax>
                        <ymax>57.079857</ymax>
                </bndbox>
        </object>
</annotation>
