<annotation>
        <folder>VineDataset</folder>
        <filename>anglerandom_tomate_barroselas_20200806_0043_05.jpg</filename>
        <path>anglerandom_tomate_barroselas_20200806_0043_05.jpg</path>
        <source>
                <database>Unknown</database>
        </source>
        <size>
                <width>300</width>
                <height>300</height>
                <depth>3</depth>
        </size>
        <segmented>0</segmented>
        <object>
                <name>tomato</name>
                <pose>Unspecified</pose>
                <truncated>0</truncated>
                <difficult>0</difficult>
                <bndbox>
                        <xmin>202.3445</xmin>
                        <ymin>154.1629</ymin>
                        <xmax>235.75331</xmax>
                        <ymax>189.4146</ymax>
                </bndbox>
        </object>
        <object>
                <name>tomato</name>
                <pose>Unspecified</pose>
                <truncated>0</truncated>
                <difficult>0</difficult>
                <bndbox>
                        <xmin>229.35591</xmin>
                        <ymin>168.24777</ymin>
                        <xmax>264.75897</xmax>
                        <ymax>203.65085</ymax>
                </bndbox>
        </object>
</annotation>
