<annotation>
        <folder>VineDataset</folder>
        <filename>anglerandom_tomate_barroselas_20200806_0228_05.jpg</filename>
        <path>anglerandom_tomate_barroselas_20200806_0228_05.jpg</path>
        <source>
                <database>Unknown</database>
        </source>
        <size>
                <width>300</width>
                <height>300</height>
                <depth>3</depth>
        </size>
        <segmented>0</segmented>
        <object>
                <name>tomato</name>
                <pose>Unspecified</pose>
                <truncated>0</truncated>
                <difficult>0</difficult>
                <bndbox>
                        <xmin>111.8363</xmin>
                        <ymin>48.271534</ymin>
                        <xmax>190.94733</xmax>
                        <ymax>123.536224</ymax>
                </bndbox>
        </object>
</annotation>
