<annotation>
        <folder>VineDataset</folder>
        <filename>anglerandom_tomate_barroselas_20200806_0231_07.jpg</filename>
        <path>anglerandom_tomate_barroselas_20200806_0231_07.jpg</path>
        <source>
                <database>Unknown</database>
        </source>
        <size>
                <width>300</width>
                <height>300</height>
                <depth>3</depth>
        </size>
        <segmented>0</segmented>
        <object>
                <name>tomato</name>
                <pose>Unspecified</pose>
                <truncated>0</truncated>
                <difficult>0</difficult>
                <bndbox>
                        <xmin>44.11638</xmin>
                        <ymin>172.89357</ymin>
                        <xmax>98.08732</xmax>
                        <ymax>231.13203</ymax>
                </bndbox>
        </object>
</annotation>
