<annotation>
        <folder>VineDataset</folder>
        <filename>anglerandom_tomate_barroselas_20200806_0085_13.jpg</filename>
        <path>anglerandom_tomate_barroselas_20200806_0085_13.jpg</path>
        <source>
                <database>Unknown</database>
        </source>
        <size>
                <width>300</width>
                <height>300</height>
                <depth>3</depth>
        </size>
        <segmented>0</segmented>
        <object>
                <name>tomato</name>
                <pose>Unspecified</pose>
                <truncated>0</truncated>
                <difficult>0</difficult>
                <bndbox>
                        <xmin>38.121975</xmin>
                        <ymin>208.11655</ymin>
                        <xmax>112.05476</xmax>
                        <ymax>285.36212</ymax>
                </bndbox>
        </object>
</annotation>
