<annotation>
        <folder>VineDataset</folder>
        <filename>anglerandom_tomate_barroselas_20200806_0033_07.jpg</filename>
        <path>anglerandom_tomate_barroselas_20200806_0033_07.jpg</path>
        <source>
                <database>Unknown</database>
        </source>
        <size>
                <width>300</width>
                <height>300</height>
                <depth>3</depth>
        </size>
        <segmented>0</segmented>
        <object>
                <name>tomato</name>
                <pose>Unspecified</pose>
                <truncated>0</truncated>
                <difficult>0</difficult>
                <bndbox>
                        <xmin>37.93163</xmin>
                        <ymin>26.205294</ymin>
                        <xmax>78.15131</xmax>
                        <ymax>63.72682</ymax>
                </bndbox>
        </object>
        <object>
                <name>tomato</name>
                <pose>Unspecified</pose>
                <truncated>0</truncated>
                <difficult>0</difficult>
                <bndbox>
                        <xmin>97.621506</xmin>
                        <ymin>0.0</ymin>
                        <xmax>141.19646</xmax>
                        <ymax>28.437864</ymax>
                </bndbox>
        </object>
</annotation>
