<annotation>
        <folder>VineDataset</folder>
        <filename>anglerandom_tomate_barroselas_20200806_0176_05.jpg</filename>
        <path>anglerandom_tomate_barroselas_20200806_0176_05.jpg</path>
        <source>
                <database>Unknown</database>
        </source>
        <size>
                <width>300</width>
                <height>300</height>
                <depth>3</depth>
        </size>
        <segmented>0</segmented>
        <object>
                <name>tomato</name>
                <pose>Unspecified</pose>
                <truncated>0</truncated>
                <difficult>0</difficult>
                <bndbox>
                        <xmin>119.526955</xmin>
                        <ymin>0.0</ymin>
                        <xmax>194.09354</xmax>
                        <ymax>62.24352</ymax>
                </bndbox>
        </object>
        <object>
                <name>tomato</name>
                <pose>Unspecified</pose>
                <truncated>0</truncated>
                <difficult>0</difficult>
                <bndbox>
                        <xmin>43.092136</xmin>
                        <ymin>15.592271</ymin>
                        <xmax>125.9678</xmax>
                        <ymax>100.97192</ymax>
                </bndbox>
        </object>
</annotation>
