<annotation>
        <folder>VineDataset</folder>
        <filename>anglerandom_tomate_barroselas_20200806_0258_02.jpg</filename>
        <path>anglerandom_tomate_barroselas_20200806_0258_02.jpg</path>
        <source>
                <database>Unknown</database>
        </source>
        <size>
                <width>300</width>
                <height>300</height>
                <depth>3</depth>
        </size>
        <segmented>0</segmented>
        <object>
                <name>tomato</name>
                <pose>Unspecified</pose>
                <truncated>0</truncated>
                <difficult>0</difficult>
                <bndbox>
                        <xmin>158.52023</xmin>
                        <ymin>210.70636</ymin>
                        <xmax>262.5926</xmax>
                        <ymax>298.379</ymax>
                </bndbox>
        </object>
        <object>
                <name>tomato</name>
                <pose>Unspecified</pose>
                <truncated>0</truncated>
                <difficult>0</difficult>
                <bndbox>
                        <xmin>233.09816</xmin>
                        <ymin>186.34409</ymin>
                        <xmax>300.0</xmax>
                        <ymax>271.27783</ymax>
                </bndbox>
        </object>
</annotation>
