<annotation>
        <folder>VineDataset</folder>
        <filename>anglerandom_tomate_barroselas_20200806_0014_02.jpg</filename>
        <path>anglerandom_tomate_barroselas_20200806_0014_02.jpg</path>
        <source>
                <database>Unknown</database>
        </source>
        <size>
                <width>300</width>
                <height>300</height>
                <depth>3</depth>
        </size>
        <segmented>0</segmented>
        <object>
                <name>tomato</name>
                <pose>Unspecified</pose>
                <truncated>0</truncated>
                <difficult>0</difficult>
                <bndbox>
                        <xmin>158.70367</xmin>
                        <ymin>12.327849</ymin>
                        <xmax>214.17516</xmax>
                        <ymax>67.61381</ymax>
                </bndbox>
        </object>
</annotation>
