<annotation>
        <folder>VineDataset</folder>
        <filename>anglerandom_tomate_barroselas_20200806_0251_07.jpg</filename>
        <path>anglerandom_tomate_barroselas_20200806_0251_07.jpg</path>
        <source>
                <database>Unknown</database>
        </source>
        <size>
                <width>300</width>
                <height>300</height>
                <depth>3</depth>
        </size>
        <segmented>0</segmented>
        <object>
                <name>tomato</name>
                <pose>Unspecified</pose>
                <truncated>0</truncated>
                <difficult>0</difficult>
                <bndbox>
                        <xmin>70.873024</xmin>
                        <ymin>74.860725</ymin>
                        <xmax>159.0912</xmax>
                        <ymax>171.8477</ymax>
                </bndbox>
        </object>
        <object>
                <name>tomato</name>
                <pose>Unspecified</pose>
                <truncated>0</truncated>
                <difficult>0</difficult>
                <bndbox>
                        <xmin>194.11964</xmin>
                        <ymin>226.54353</ymin>
                        <xmax>283.71658</xmax>
                        <ymax>289.83408</ymax>
                </bndbox>
        </object>
</annotation>
