<annotation>
        <folder>VineDataset</folder>
        <filename>anglerandom_tomate_barroselas_20200806_0036_09.jpg</filename>
        <path>anglerandom_tomate_barroselas_20200806_0036_09.jpg</path>
        <source>
                <database>Unknown</database>
        </source>
        <size>
                <width>300</width>
                <height>300</height>
                <depth>3</depth>
        </size>
        <segmented>0</segmented>
        <object>
                <name>tomato</name>
                <pose>Unspecified</pose>
                <truncated>0</truncated>
                <difficult>0</difficult>
                <bndbox>
                        <xmin>82.027664</xmin>
                        <ymin>230.54442</ymin>
                        <xmax>128.06374</xmax>
                        <ymax>279.80396</ymax>
                </bndbox>
        </object>
        <object>
                <name>tomato</name>
                <pose>Unspecified</pose>
                <truncated>0</truncated>
                <difficult>0</difficult>
                <bndbox>
                        <xmin>109.27393</xmin>
                        <ymin>70.77919</ymin>
                        <xmax>151.01772</xmax>
                        <ymax>117.358185</ymax>
                </bndbox>
        </object>
        <object>
                <name>tomato</name>
                <pose>Unspecified</pose>
                <truncated>0</truncated>
                <difficult>0</difficult>
                <bndbox>
                        <xmin>59.115547</xmin>
                        <ymin>201.31274</ymin>
                        <xmax>106.93298</xmax>
                        <ymax>260.41235</ymax>
                </bndbox>
        </object>
        <object>
                <name>tomato</name>
                <pose>Unspecified</pose>
                <truncated>0</truncated>
                <difficult>0</difficult>
                <bndbox>
                        <xmin>134.32368</xmin>
                        <ymin>71.4747</ymin>
                        <xmax>188.13847</xmax>
                        <ymax>126.90123</ymax>
                </bndbox>
        </object>
        <object>
                <name>tomato</name>
                <pose>Unspecified</pose>
                <truncated>0</truncated>
                <difficult>0</difficult>
                <bndbox>
                        <xmin>102.19072</xmin>
                        <ymin>46.18756</ymin>
                        <xmax>149.2108</xmax>
                        <ymax>95.625244</ymax>
                </bndbox>
        </object>
        <object>
                <name>tomato</name>
                <pose>Unspecified</pose>
                <truncated>0</truncated>
                <difficult>0</difficult>
                <bndbox>
                        <xmin>73.39197</xmin>
                        <ymin>172.86137</ymin>
                        <xmax>119.1651</xmax>
                        <ymax>215.41103</ymax>
                </bndbox>
        </object>
        <object>
                <name>tomato</name>
                <pose>Unspecified</pose>
                <truncated>0</truncated>
                <difficult>0</difficult>
                <bndbox>
                        <xmin>94.17497</xmin>
                        <ymin>201.46532</ymin>
                        <xmax>143.42601</xmax>
                        <ymax>257.96918</ymax>
                </bndbox>
        </object>
</annotation>
