<annotation>
        <folder>VineDataset</folder>
        <filename>anglerandom_tomate_barroselas_20200806_0069_13.jpg</filename>
        <path>anglerandom_tomate_barroselas_20200806_0069_13.jpg</path>
        <source>
                <database>Unknown</database>
        </source>
        <size>
                <width>300</width>
                <height>300</height>
                <depth>3</depth>
        </size>
        <segmented>0</segmented>
        <object>
                <name>tomato</name>
                <pose>Unspecified</pose>
                <truncated>0</truncated>
                <difficult>0</difficult>
                <bndbox>
                        <xmin>266.88983</xmin>
                        <ymin>93.59185</ymin>
                        <xmax>299.9755</xmax>
                        <ymax>145.84499</ymax>
                </bndbox>
        </object>
</annotation>
