<annotation>
        <folder>VineDataset</folder>
        <filename>anglerandom_tomate_barroselas_20200806_0122_11.jpg</filename>
        <path>anglerandom_tomate_barroselas_20200806_0122_11.jpg</path>
        <source>
                <database>Unknown</database>
        </source>
        <size>
                <width>300</width>
                <height>300</height>
                <depth>3</depth>
        </size>
        <segmented>0</segmented>
        <object>
                <name>tomato</name>
                <pose>Unspecified</pose>
                <truncated>0</truncated>
                <difficult>0</difficult>
                <bndbox>
                        <xmin>128.47264</xmin>
                        <ymin>225.64754</ymin>
                        <xmax>193.94888</xmax>
                        <ymax>293.2549</ymax>
                </bndbox>
        </object>
        <object>
                <name>tomato</name>
                <pose>Unspecified</pose>
                <truncated>0</truncated>
                <difficult>0</difficult>
                <bndbox>
                        <xmin>43.68214</xmin>
                        <ymin>6.841965</ymin>
                        <xmax>97.34777</xmax>
                        <ymax>62.444984</ymax>
                </bndbox>
        </object>
        <object>
                <name>tomato</name>
                <pose>Unspecified</pose>
                <truncated>0</truncated>
                <difficult>0</difficult>
                <bndbox>
                        <xmin>57.273655</xmin>
                        <ymin>52.705887</ymin>
                        <xmax>115.52941</xmax>
                        <ymax>112.12407</ymax>
                </bndbox>
        </object>
        <object>
                <name>tomato</name>
                <pose>Unspecified</pose>
                <truncated>0</truncated>
                <difficult>0</difficult>
                <bndbox>
                        <xmin>124.2551</xmin>
                        <ymin>183.23364</ymin>
                        <xmax>200.5062</xmax>
                        <ymax>259.6785</ymax>
                </bndbox>
        </object>
        <object>
                <name>tomato</name>
                <pose>Unspecified</pose>
                <truncated>0</truncated>
                <difficult>0</difficult>
                <bndbox>
                        <xmin>0.0</xmin>
                        <ymin>159.26965</ymin>
                        <xmax>68.03361</xmax>
                        <ymax>234.87247</ymax>
                </bndbox>
        </object>
</annotation>
