<annotation>
        <folder>VineDataset</folder>
        <filename>anglerandom_tomate_barroselas_20200806_0180_03.jpg</filename>
        <path>anglerandom_tomate_barroselas_20200806_0180_03.jpg</path>
        <source>
                <database>Unknown</database>
        </source>
        <size>
                <width>300</width>
                <height>300</height>
                <depth>3</depth>
        </size>
        <segmented>0</segmented>
        <object>
                <name>tomato</name>
                <pose>Unspecified</pose>
                <truncated>0</truncated>
                <difficult>0</difficult>
                <bndbox>
                        <xmin>88.85675</xmin>
                        <ymin>184.8599</ymin>
                        <xmax>192.5895</xmax>
                        <ymax>287.3602</ymax>
                </bndbox>
        </object>
        <object>
                <name>tomato</name>
                <pose>Unspecified</pose>
                <truncated>0</truncated>
                <difficult>0</difficult>
                <bndbox>
                        <xmin>77.65008</xmin>
                        <ymin>233.5841</ymin>
                        <xmax>130.38126</xmax>
                        <ymax>286.7946</ymax>
                </bndbox>
        </object>
        <object>
                <name>tomato</name>
                <pose>Unspecified</pose>
                <truncated>0</truncated>
                <difficult>0</difficult>
                <bndbox>
                        <xmin>101.463326</xmin>
                        <ymin>138.23293</ymin>
                        <xmax>183.72122</xmax>
                        <ymax>221.24397</ymax>
                </bndbox>
        </object>
        <object>
                <name>tomato</name>
                <pose>Unspecified</pose>
                <truncated>0</truncated>
                <difficult>0</difficult>
                <bndbox>
                        <xmin>131.27657</xmin>
                        <ymin>158.1888</ymin>
                        <xmax>217.57938</xmax>
                        <ymax>244.21773</ymax>
                </bndbox>
        </object>
</annotation>
