<annotation>
        <folder>VineDataset</folder>
        <filename>anglerandom_tomate_barroselas_20200806_0025_13.jpg</filename>
        <path>anglerandom_tomate_barroselas_20200806_0025_13.jpg</path>
        <source>
                <database>Unknown</database>
        </source>
        <size>
                <width>300</width>
                <height>300</height>
                <depth>3</depth>
        </size>
        <segmented>0</segmented>
        <object>
                <name>tomato</name>
                <pose>Unspecified</pose>
                <truncated>0</truncated>
                <difficult>0</difficult>
                <bndbox>
                        <xmin>203.5603</xmin>
                        <ymin>150.61978</ymin>
                        <xmax>236.99426</xmax>
                        <ymax>188.99605</ymax>
                </bndbox>
        </object>
        <object>
                <name>tomato</name>
                <pose>Unspecified</pose>
                <truncated>0</truncated>
                <difficult>0</difficult>
                <bndbox>
                        <xmin>240.68272</xmin>
                        <ymin>51.039562</ymin>
                        <xmax>281.1392</xmax>
                        <ymax>91.49603</ymax>
                </bndbox>
        </object>
        <object>
                <name>tomato</name>
                <pose>Unspecified</pose>
                <truncated>0</truncated>
                <difficult>0</difficult>
                <bndbox>
                        <xmin>214.21246</xmin>
                        <ymin>0.73296404</ymin>
                        <xmax>264.71417</xmax>
                        <ymax>45.303944</ymax>
                </bndbox>
        </object>
        <object>
                <name>tomato</name>
                <pose>Unspecified</pose>
                <truncated>0</truncated>
                <difficult>0</difficult>
                <bndbox>
                        <xmin>246.91188</xmin>
                        <ymin>17.110668</ymin>
                        <xmax>292.5287</xmax>
                        <ymax>71.6236</ymax>
                </bndbox>
        </object>
</annotation>
