<annotation>
        <folder>VineDataset</folder>
        <filename>anglerandom_tomate_barroselas_20200806_0058_13.jpg</filename>
        <path>anglerandom_tomate_barroselas_20200806_0058_13.jpg</path>
        <source>
                <database>Unknown</database>
        </source>
        <size>
                <width>300</width>
                <height>300</height>
                <depth>3</depth>
        </size>
        <segmented>0</segmented>
        <object>
                <name>tomato</name>
                <pose>Unspecified</pose>
                <truncated>0</truncated>
                <difficult>0</difficult>
                <bndbox>
                        <xmin>44.357742</xmin>
                        <ymin>16.550915</ymin>
                        <xmax>94.711914</xmax>
                        <ymax>63.855312</ymax>
                </bndbox>
        </object>
        <object>
                <name>tomato</name>
                <pose>Unspecified</pose>
                <truncated>0</truncated>
                <difficult>0</difficult>
                <bndbox>
                        <xmin>118.72801</xmin>
                        <ymin>132.33546</ymin>
                        <xmax>177.60204</xmax>
                        <ymax>198.83392</ymax>
                </bndbox>
        </object>
</annotation>
