<annotation>
        <folder>VineDataset</folder>
        <filename>anglerandom_tomate_barroselas_20200806_0075_16.jpg</filename>
        <path>anglerandom_tomate_barroselas_20200806_0075_16.jpg</path>
        <source>
                <database>Unknown</database>
        </source>
        <size>
                <width>300</width>
                <height>300</height>
                <depth>3</depth>
        </size>
        <segmented>0</segmented>
        <object>
                <name>tomato</name>
                <pose>Unspecified</pose>
                <truncated>0</truncated>
                <difficult>0</difficult>
                <bndbox>
                        <xmin>121.02902</xmin>
                        <ymin>0.0</ymin>
                        <xmax>171.18732</xmax>
                        <ymax>48.281082</ymax>
                </bndbox>
        </object>
        <object>
                <name>tomato</name>
                <pose>Unspecified</pose>
                <truncated>0</truncated>
                <difficult>0</difficult>
                <bndbox>
                        <xmin>155.69264</xmin>
                        <ymin>247.1735</ymin>
                        <xmax>209.21304</xmax>
                        <ymax>300.0</ymax>
                </bndbox>
        </object>
</annotation>
