<annotation>
        <folder>VineDataset</folder>
        <filename>anglerandom_tomate_barroselas_20200806_0128_09.jpg</filename>
        <path>anglerandom_tomate_barroselas_20200806_0128_09.jpg</path>
        <source>
                <database>Unknown</database>
        </source>
        <size>
                <width>300</width>
                <height>300</height>
                <depth>3</depth>
        </size>
        <segmented>0</segmented>
        <object>
                <name>tomato</name>
                <pose>Unspecified</pose>
                <truncated>0</truncated>
                <difficult>0</difficult>
                <bndbox>
                        <xmin>185.39822</xmin>
                        <ymin>227.45709</ymin>
                        <xmax>256.40112</xmax>
                        <ymax>298.93625</ymax>
                </bndbox>
        </object>
        <object>
                <name>tomato</name>
                <pose>Unspecified</pose>
                <truncated>0</truncated>
                <difficult>0</difficult>
                <bndbox>
                        <xmin>248.26662</xmin>
                        <ymin>121.69704</ymin>
                        <xmax>280.22522</xmax>
                        <ymax>153.65564</ymax>
                </bndbox>
        </object>
        <object>
                <name>tomato</name>
                <pose>Unspecified</pose>
                <truncated>0</truncated>
                <difficult>0</difficult>
                <bndbox>
                        <xmin>40.488026</xmin>
                        <ymin>72.79536</ymin>
                        <xmax>90.03947</xmax>
                        <ymax>127.10935</ymax>
                </bndbox>
        </object>
        <object>
                <name>tomato</name>
                <pose>Unspecified</pose>
                <truncated>0</truncated>
                <difficult>0</difficult>
                <bndbox>
                        <xmin>184.17331</xmin>
                        <ymin>257.94788</ymin>
                        <xmax>248.51819</xmax>
                        <ymax>300.0</ymax>
                </bndbox>
        </object>
</annotation>
