<annotation>
	<folder>JPEGImages</folder>
	<filename>anglerandom_tomate_barroselas_20200806_0011_05.jpg</filename>
	<path>/home/samagalhaes/Pictures/TomatoBarroselas_20201006_17h29_300x300/JPEGImages/anglerandom_tomate_barroselas_20200806_0011_05.jpg</path>
	<source>
		<database>Unknown</database>
	</source>
	<size>
		<width>300</width>
		<height>300</height>
		<depth>3</depth>
	</size>
	<segmented>0</segmented>
	<object>
		<name>tomato</name>
		<pose>Unspecified</pose>
		<truncated>0</truncated>
		<difficult>0</difficult>
		<bndbox>
			<xmin>171</xmin>
			<ymin>84</ymin>
			<xmax>223</xmax>
			<ymax>133</ymax>
		</bndbox>
	</object>
	<object>
		<name>tomato</name>
		<pose>Unspecified</pose>
		<truncated>0</truncated>
		<difficult>0</difficult>
		<bndbox>
			<xmin>191</xmin>
			<ymin>106</ymin>
			<xmax>245</xmax>
			<ymax>160</ymax>
		</bndbox>
	</object>
	<object>
		<name>tomato</name>
		<pose>Unspecified</pose>
		<truncated>0</truncated>
		<difficult>0</difficult>
		<bndbox>
			<xmin>185</xmin>
			<ymin>124</ymin>
			<xmax>221</xmax>
			<ymax>168</ymax>
		</bndbox>
	</object>
</annotation>
