<annotation>
        <folder>VineDataset</folder>
        <filename>anglerandom_tomate_barroselas_20200806_0196_16.jpg</filename>
        <path>anglerandom_tomate_barroselas_20200806_0196_16.jpg</path>
        <source>
                <database>Unknown</database>
        </source>
        <size>
                <width>300</width>
                <height>300</height>
                <depth>3</depth>
        </size>
        <segmented>0</segmented>
        <object>
                <name>tomato</name>
                <pose>Unspecified</pose>
                <truncated>0</truncated>
                <difficult>0</difficult>
                <bndbox>
                        <xmin>129.36299</xmin>
                        <ymin>208.84894</ymin>
                        <xmax>243.31628</xmax>
                        <ymax>300.0</ymax>
                </bndbox>
        </object>
        <object>
                <name>tomato</name>
                <pose>Unspecified</pose>
                <truncated>0</truncated>
                <difficult>0</difficult>
                <bndbox>
                        <xmin>32.94401</xmin>
                        <ymin>0.0</ymin>
                        <xmax>155.98051</xmax>
                        <ymax>119.3994</ymax>
                </bndbox>
        </object>
        <object>
                <name>tomato</name>
                <pose>Unspecified</pose>
                <truncated>0</truncated>
                <difficult>0</difficult>
                <bndbox>
                        <xmin>118.695496</xmin>
                        <ymin>0.0</ymin>
                        <xmax>251.07312</xmax>
                        <ymax>92.90993</ymax>
                </bndbox>
        </object>
</annotation>
