<annotation>
        <folder>VineDataset</folder>
        <filename>anglerandom_tomate_barroselas_20200806_0091_16.jpg</filename>
        <path>anglerandom_tomate_barroselas_20200806_0091_16.jpg</path>
        <source>
                <database>Unknown</database>
        </source>
        <size>
                <width>300</width>
                <height>300</height>
                <depth>3</depth>
        </size>
        <segmented>0</segmented>
        <object>
                <name>tomato</name>
                <pose>Unspecified</pose>
                <truncated>0</truncated>
                <difficult>0</difficult>
                <bndbox>
                        <xmin>243.50838</xmin>
                        <ymin>91.57291</ymin>
                        <xmax>300.0</xmax>
                        <ymax>156.09254</ymax>
                </bndbox>
        </object>
        <object>
                <name>tomato</name>
                <pose>Unspecified</pose>
                <truncated>0</truncated>
                <difficult>0</difficult>
                <bndbox>
                        <xmin>86.825676</xmin>
                        <ymin>65.04821</ymin>
                        <xmax>145.39717</xmax>
                        <ymax>128.69147</ymax>
                </bndbox>
        </object>
</annotation>
