<annotation>
        <folder>VineDataset</folder>
        <filename>blurrandom_tomate_barroselas_20200806_0047_14.jpg</filename>
        <path>blurrandom_tomate_barroselas_20200806_0047_14.jpg</path>
        <source>
                <database>Unknown</database>
        </source>
        <size>
                <width>300</width>
                <height>300</height>
                <depth>3</depth>
        </size>
        <segmented>0</segmented>
        <object>
                <name>tomato</name>
                <pose>Unspecified</pose>
                <truncated>0</truncated>
                <difficult>0</difficult>
                <bndbox>
                        <xmin>9.0</xmin>
                        <ymin>64.0</ymin>
                        <xmax>52.0</xmax>
                        <ymax>113.0</ymax>
                </bndbox>
        </object>
        <object>
                <name>tomato</name>
                <pose>Unspecified</pose>
                <truncated>0</truncated>
                <difficult>0</difficult>
                <bndbox>
                        <xmin>169.0</xmin>
                        <ymin>119.0</ymin>
                        <xmax>212.0</xmax>
                        <ymax>172.0</ymax>
                </bndbox>
        </object>
        <object>
                <name>tomato</name>
                <pose>Unspecified</pose>
                <truncated>0</truncated>
                <difficult>0</difficult>
                <bndbox>
                        <xmin>206.0</xmin>
                        <ymin>120.0</ymin>
                        <xmax>246.0</xmax>
                        <ymax>172.0</ymax>
                </bndbox>
        </object>
        <object>
                <name>tomato</name>
                <pose>Unspecified</pose>
                <truncated>0</truncated>
                <difficult>0</difficult>
                <bndbox>
                        <xmin>187.0</xmin>
                        <ymin>265.0</ymin>
                        <xmax>226.0</xmax>
                        <ymax>300.0</ymax>
                </bndbox>
        </object>
        <object>
                <name>tomato</name>
                <pose>Unspecified</pose>
                <truncated>0</truncated>
                <difficult>0</difficult>
                <bndbox>
                        <xmin>8.0</xmin>
                        <ymin>255.0</ymin>
                        <xmax>40.0</xmax>
                        <ymax>291.0</ymax>
                </bndbox>
        </object>
        <object>
                <name>tomato</name>
                <pose>Unspecified</pose>
                <truncated>0</truncated>
                <difficult>0</difficult>
                <bndbox>
                        <xmin>222.0</xmin>
                        <ymin>98.0</ymin>
                        <xmax>258.0</xmax>
                        <ymax>144.0</ymax>
                </bndbox>
        </object>
</annotation>
