<annotation>
        <folder>VineDataset</folder>
        <filename>blurrandom_tomate_barroselas_20200806_0218_03.jpg</filename>
        <path>blurrandom_tomate_barroselas_20200806_0218_03.jpg</path>
        <source>
                <database>Unknown</database>
        </source>
        <size>
                <width>300</width>
                <height>300</height>
                <depth>3</depth>
        </size>
        <segmented>0</segmented>
        <object>
                <name>tomato</name>
                <pose>Unspecified</pose>
                <truncated>0</truncated>
                <difficult>0</difficult>
                <bndbox>
                        <xmin>226.0</xmin>
                        <ymin>73.0</ymin>
                        <xmax>260.0</xmax>
                        <ymax>106.0</ymax>
                </bndbox>
        </object>
        <object>
                <name>tomato</name>
                <pose>Unspecified</pose>
                <truncated>0</truncated>
                <difficult>0</difficult>
                <bndbox>
                        <xmin>143.0</xmin>
                        <ymin>190.0</ymin>
                        <xmax>202.0</xmax>
                        <ymax>267.0</ymax>
                </bndbox>
        </object>
        <object>
                <name>tomato</name>
                <pose>Unspecified</pose>
                <truncated>0</truncated>
                <difficult>0</difficult>
                <bndbox>
                        <xmin>198.0</xmin>
                        <ymin>140.0</ymin>
                        <xmax>271.0</xmax>
                        <ymax>212.0</ymax>
                </bndbox>
        </object>
        <object>
                <name>tomato</name>
                <pose>Unspecified</pose>
                <truncated>0</truncated>
                <difficult>0</difficult>
                <bndbox>
                        <xmin>125.0</xmin>
                        <ymin>149.0</ymin>
                        <xmax>201.0</xmax>
                        <ymax>246.0</ymax>
                </bndbox>
        </object>
        <object>
                <name>tomato</name>
                <pose>Unspecified</pose>
                <truncated>0</truncated>
                <difficult>0</difficult>
                <bndbox>
                        <xmin>192.0</xmin>
                        <ymin>193.0</ymin>
                        <xmax>250.0</xmax>
                        <ymax>285.0</ymax>
                </bndbox>
        </object>
</annotation>
