<annotation>
        <folder>VineDataset</folder>
        <filename>blurrandom_tomate_barroselas_20200806_0058_10.jpg</filename>
        <path>blurrandom_tomate_barroselas_20200806_0058_10.jpg</path>
        <source>
                <database>Unknown</database>
        </source>
        <size>
                <width>300</width>
                <height>300</height>
                <depth>3</depth>
        </size>
        <segmented>0</segmented>
        <object>
                <name>tomato</name>
                <pose>Unspecified</pose>
                <truncated>0</truncated>
                <difficult>0</difficult>
                <bndbox>
                        <xmin>114.0</xmin>
                        <ymin>166.0</ymin>
                        <xmax>153.0</xmax>
                        <ymax>218.0</ymax>
                </bndbox>
        </object>
</annotation>
