<annotation>
        <folder>VineDataset</folder>
        <filename>blurrandom_tomate_barroselas_20200806_0291_09.jpg</filename>
        <path>blurrandom_tomate_barroselas_20200806_0291_09.jpg</path>
        <source>
                <database>Unknown</database>
        </source>
        <size>
                <width>300</width>
                <height>300</height>
                <depth>3</depth>
        </size>
        <segmented>0</segmented>
        <object>
                <name>tomato</name>
                <pose>Unspecified</pose>
                <truncated>0</truncated>
                <difficult>0</difficult>
                <bndbox>
                        <xmin>192.0</xmin>
                        <ymin>0.0</ymin>
                        <xmax>263.0</xmax>
                        <ymax>42.0</ymax>
                </bndbox>
        </object>
        <object>
                <name>tomato</name>
                <pose>Unspecified</pose>
                <truncated>0</truncated>
                <difficult>0</difficult>
                <bndbox>
                        <xmin>239.0</xmin>
                        <ymin>0.0</ymin>
                        <xmax>300.0</xmax>
                        <ymax>57.0</ymax>
                </bndbox>
        </object>
</annotation>
