<annotation>
        <folder>VineDataset</folder>
        <filename>blurrandom_tomate_barroselas_20200806_0208_07.jpg</filename>
        <path>blurrandom_tomate_barroselas_20200806_0208_07.jpg</path>
        <source>
                <database>Unknown</database>
        </source>
        <size>
                <width>300</width>
                <height>300</height>
                <depth>3</depth>
        </size>
        <segmented>0</segmented>
        <object>
                <name>tomato</name>
                <pose>Unspecified</pose>
                <truncated>0</truncated>
                <difficult>0</difficult>
                <bndbox>
                        <xmin>193.0</xmin>
                        <ymin>29.0</ymin>
                        <xmax>245.0</xmax>
                        <ymax>96.0</ymax>
                </bndbox>
        </object>
        <object>
                <name>tomato</name>
                <pose>Unspecified</pose>
                <truncated>0</truncated>
                <difficult>0</difficult>
                <bndbox>
                        <xmin>146.0</xmin>
                        <ymin>55.0</ymin>
                        <xmax>200.0</xmax>
                        <ymax>113.0</ymax>
                </bndbox>
        </object>
</annotation>
