<annotation>
        <folder>VineDataset</folder>
        <filename>blurrandom_tomate_barroselas_20200806_0025_10.jpg</filename>
        <path>blurrandom_tomate_barroselas_20200806_0025_10.jpg</path>
        <source>
                <database>Unknown</database>
        </source>
        <size>
                <width>300</width>
                <height>300</height>
                <depth>3</depth>
        </size>
        <segmented>0</segmented>
        <object>
                <name>tomato</name>
                <pose>Unspecified</pose>
                <truncated>0</truncated>
                <difficult>0</difficult>
                <bndbox>
                        <xmin>96.0</xmin>
                        <ymin>97.0</ymin>
                        <xmax>135.0</xmax>
                        <ymax>141.0</ymax>
                </bndbox>
        </object>
        <object>
                <name>tomato</name>
                <pose>Unspecified</pose>
                <truncated>0</truncated>
                <difficult>0</difficult>
                <bndbox>
                        <xmin>129.0</xmin>
                        <ymin>109.0</ymin>
                        <xmax>147.0</xmax>
                        <ymax>130.0</ymax>
                </bndbox>
        </object>
        <object>
                <name>tomato</name>
                <pose>Unspecified</pose>
                <truncated>0</truncated>
                <difficult>0</difficult>
                <bndbox>
                        <xmin>115.0</xmin>
                        <ymin>15.0</ymin>
                        <xmax>136.0</xmax>
                        <ymax>40.0</ymax>
                </bndbox>
        </object>
        <object>
                <name>tomato</name>
                <pose>Unspecified</pose>
                <truncated>0</truncated>
                <difficult>0</difficult>
                <bndbox>
                        <xmin>124.0</xmin>
                        <ymin>113.0</ymin>
                        <xmax>162.0</xmax>
                        <ymax>161.0</ymax>
                </bndbox>
        </object>
        <object>
                <name>tomato</name>
                <pose>Unspecified</pose>
                <truncated>0</truncated>
                <difficult>0</difficult>
                <bndbox>
                        <xmin>103.0</xmin>
                        <ymin>0.0</ymin>
                        <xmax>123.0</xmax>
                        <ymax>29.0</ymax>
                </bndbox>
        </object>
        <object>
                <name>tomato</name>
                <pose>Unspecified</pose>
                <truncated>0</truncated>
                <difficult>0</difficult>
                <bndbox>
                        <xmin>88.0</xmin>
                        <ymin>225.0</ymin>
                        <xmax>124.0</xmax>
                        <ymax>272.0</ymax>
                </bndbox>
        </object>
        <object>
                <name>tomato</name>
                <pose>Unspecified</pose>
                <truncated>0</truncated>
                <difficult>0</difficult>
                <bndbox>
                        <xmin>79.0</xmin>
                        <ymin>250.0</ymin>
                        <xmax>105.0</xmax>
                        <ymax>278.0</ymax>
                </bndbox>
        </object>
        <object>
                <name>tomato</name>
                <pose>Unspecified</pose>
                <truncated>0</truncated>
                <difficult>0</difficult>
                <bndbox>
                        <xmin>67.0</xmin>
                        <ymin>270.0</ymin>
                        <xmax>101.0</xmax>
                        <ymax>300.0</ymax>
                </bndbox>
        </object>
</annotation>
