<annotation>
        <folder>VineDataset</folder>
        <filename>blurrandom_tomate_barroselas_20200806_0208_06.jpg</filename>
        <path>blurrandom_tomate_barroselas_20200806_0208_06.jpg</path>
        <source>
                <database>Unknown</database>
        </source>
        <size>
                <width>300</width>
                <height>300</height>
                <depth>3</depth>
        </size>
        <segmented>0</segmented>
        <object>
                <name>tomato</name>
                <pose>Unspecified</pose>
                <truncated>0</truncated>
                <difficult>0</difficult>
                <bndbox>
                        <xmin>63.0</xmin>
                        <ymin>77.0</ymin>
                        <xmax>111.0</xmax>
                        <ymax>131.0</ymax>
                </bndbox>
        </object>
        <object>
                <name>tomato</name>
                <pose>Unspecified</pose>
                <truncated>0</truncated>
                <difficult>0</difficult>
                <bndbox>
                        <xmin>12.0</xmin>
                        <ymin>64.0</ymin>
                        <xmax>53.0</xmax>
                        <ymax>116.0</ymax>
                </bndbox>
        </object>
        <object>
                <name>tomato</name>
                <pose>Unspecified</pose>
                <truncated>0</truncated>
                <difficult>0</difficult>
                <bndbox>
                        <xmin>87.0</xmin>
                        <ymin>52.0</ymin>
                        <xmax>127.0</xmax>
                        <ymax>96.0</ymax>
                </bndbox>
        </object>
        <object>
                <name>tomato</name>
                <pose>Unspecified</pose>
                <truncated>0</truncated>
                <difficult>0</difficult>
                <bndbox>
                        <xmin>29.0</xmin>
                        <ymin>132.0</ymin>
                        <xmax>74.0</xmax>
                        <ymax>181.0</ymax>
                </bndbox>
        </object>
        <object>
                <name>tomato</name>
                <pose>Unspecified</pose>
                <truncated>0</truncated>
                <difficult>0</difficult>
                <bndbox>
                        <xmin>0.0</xmin>
                        <ymin>139.0</ymin>
                        <xmax>41.0</xmax>
                        <ymax>201.0</ymax>
                </bndbox>
        </object>
</annotation>
