<annotation>
        <folder>VineDataset</folder>
        <filename>blurrandom_tomate_barroselas_20200806_0048_02.jpg</filename>
        <path>blurrandom_tomate_barroselas_20200806_0048_02.jpg</path>
        <source>
                <database>Unknown</database>
        </source>
        <size>
                <width>300</width>
                <height>300</height>
                <depth>3</depth>
        </size>
        <segmented>0</segmented>
        <object>
                <name>tomato</name>
                <pose>Unspecified</pose>
                <truncated>0</truncated>
                <difficult>0</difficult>
                <bndbox>
                        <xmin>128.0</xmin>
                        <ymin>255.0</ymin>
                        <xmax>151.0</xmax>
                        <ymax>281.0</ymax>
                </bndbox>
        </object>
        <object>
                <name>tomato</name>
                <pose>Unspecified</pose>
                <truncated>0</truncated>
                <difficult>0</difficult>
                <bndbox>
                        <xmin>135.0</xmin>
                        <ymin>273.0</ymin>
                        <xmax>172.0</xmax>
                        <ymax>300.0</ymax>
                </bndbox>
        </object>
        <object>
                <name>tomato</name>
                <pose>Unspecified</pose>
                <truncated>0</truncated>
                <difficult>0</difficult>
                <bndbox>
                        <xmin>100.0</xmin>
                        <ymin>264.0</ymin>
                        <xmax>138.0</xmax>
                        <ymax>300.0</ymax>
                </bndbox>
        </object>
</annotation>
