<annotation>
        <folder>VineDataset</folder>
        <filename>blurrandom_tomate_barroselas_20200806_0175_08.jpg</filename>
        <path>blurrandom_tomate_barroselas_20200806_0175_08.jpg</path>
        <source>
                <database>Unknown</database>
        </source>
        <size>
                <width>300</width>
                <height>300</height>
                <depth>3</depth>
        </size>
        <segmented>0</segmented>
        <object>
                <name>tomato</name>
                <pose>Unspecified</pose>
                <truncated>0</truncated>
                <difficult>0</difficult>
                <bndbox>
                        <xmin>0.0</xmin>
                        <ymin>270.0</ymin>
                        <xmax>49.0</xmax>
                        <ymax>300.0</ymax>
                </bndbox>
        </object>
        <object>
                <name>tomato</name>
                <pose>Unspecified</pose>
                <truncated>0</truncated>
                <difficult>0</difficult>
                <bndbox>
                        <xmin>11.0</xmin>
                        <ymin>24.0</ymin>
                        <xmax>71.0</xmax>
                        <ymax>96.0</ymax>
                </bndbox>
        </object>
        <object>
                <name>tomato</name>
                <pose>Unspecified</pose>
                <truncated>0</truncated>
                <difficult>0</difficult>
                <bndbox>
                        <xmin>67.0</xmin>
                        <ymin>43.0</ymin>
                        <xmax>128.0</xmax>
                        <ymax>140.0</ymax>
                </bndbox>
        </object>
        <object>
                <name>tomato</name>
                <pose>Unspecified</pose>
                <truncated>0</truncated>
                <difficult>0</difficult>
                <bndbox>
                        <xmin>106.0</xmin>
                        <ymin>48.0</ymin>
                        <xmax>173.0</xmax>
                        <ymax>137.0</ymax>
                </bndbox>
        </object>
        <object>
                <name>tomato</name>
                <pose>Unspecified</pose>
                <truncated>0</truncated>
                <difficult>0</difficult>
                <bndbox>
                        <xmin>0.0</xmin>
                        <ymin>0.0</ymin>
                        <xmax>56.0</xmax>
                        <ymax>92.0</ymax>
                </bndbox>
        </object>
        <object>
                <name>tomato</name>
                <pose>Unspecified</pose>
                <truncated>0</truncated>
                <difficult>0</difficult>
                <bndbox>
                        <xmin>93.0</xmin>
                        <ymin>215.0</ymin>
                        <xmax>152.0</xmax>
                        <ymax>291.0</ymax>
                </bndbox>
        </object>
</annotation>
