<annotation>
        <folder>VineDataset</folder>
        <filename>blurrandom_tomate_barroselas_20200806_0243_11.jpg</filename>
        <path>blurrandom_tomate_barroselas_20200806_0243_11.jpg</path>
        <source>
                <database>Unknown</database>
        </source>
        <size>
                <width>300</width>
                <height>300</height>
                <depth>3</depth>
        </size>
        <segmented>0</segmented>
        <object>
                <name>tomato</name>
                <pose>Unspecified</pose>
                <truncated>0</truncated>
                <difficult>0</difficult>
                <bndbox>
                        <xmin>194.0</xmin>
                        <ymin>241.0</ymin>
                        <xmax>233.0</xmax>
                        <ymax>283.0</ymax>
                </bndbox>
        </object>
        <object>
                <name>tomato</name>
                <pose>Unspecified</pose>
                <truncated>0</truncated>
                <difficult>0</difficult>
                <bndbox>
                        <xmin>240.0</xmin>
                        <ymin>17.0</ymin>
                        <xmax>300.0</xmax>
                        <ymax>85.0</ymax>
                </bndbox>
        </object>
        <object>
                <name>tomato</name>
                <pose>Unspecified</pose>
                <truncated>0</truncated>
                <difficult>0</difficult>
                <bndbox>
                        <xmin>220.0</xmin>
                        <ymin>244.0</ymin>
                        <xmax>275.0</xmax>
                        <ymax>300.0</ymax>
                </bndbox>
        </object>
</annotation>
