<annotation>
        <folder>VineDataset</folder>
        <filename>blurrandom_tomate_barroselas_20200806_0245_11.jpg</filename>
        <path>blurrandom_tomate_barroselas_20200806_0245_11.jpg</path>
        <source>
                <database>Unknown</database>
        </source>
        <size>
                <width>300</width>
                <height>300</height>
                <depth>3</depth>
        </size>
        <segmented>0</segmented>
        <object>
                <name>tomato</name>
                <pose>Unspecified</pose>
                <truncated>0</truncated>
                <difficult>0</difficult>
                <bndbox>
                        <xmin>269.0</xmin>
                        <ymin>9.0</ymin>
                        <xmax>300.0</xmax>
                        <ymax>48.0</ymax>
                </bndbox>
        </object>
        <object>
                <name>tomato</name>
                <pose>Unspecified</pose>
                <truncated>0</truncated>
                <difficult>0</difficult>
                <bndbox>
                        <xmin>196.0</xmin>
                        <ymin>216.0</ymin>
                        <xmax>224.0</xmax>
                        <ymax>255.0</ymax>
                </bndbox>
        </object>
        <object>
                <name>tomato</name>
                <pose>Unspecified</pose>
                <truncated>0</truncated>
                <difficult>0</difficult>
                <bndbox>
                        <xmin>216.0</xmin>
                        <ymin>160.0</ymin>
                        <xmax>246.0</xmax>
                        <ymax>190.0</ymax>
                </bndbox>
        </object>
        <object>
                <name>tomato</name>
                <pose>Unspecified</pose>
                <truncated>0</truncated>
                <difficult>0</difficult>
                <bndbox>
                        <xmin>276.0</xmin>
                        <ymin>212.0</ymin>
                        <xmax>300.0</xmax>
                        <ymax>280.0</ymax>
                </bndbox>
        </object>
        <object>
                <name>tomato</name>
                <pose>Unspecified</pose>
                <truncated>0</truncated>
                <difficult>0</difficult>
                <bndbox>
                        <xmin>254.0</xmin>
                        <ymin>16.0</ymin>
                        <xmax>278.0</xmax>
                        <ymax>53.0</ymax>
                </bndbox>
        </object>
</annotation>
