<annotation>
        <folder>VineDataset</folder>
        <filename>blurrandom_tomate_barroselas_20200806_0248_11.jpg</filename>
        <path>blurrandom_tomate_barroselas_20200806_0248_11.jpg</path>
        <source>
                <database>Unknown</database>
        </source>
        <size>
                <width>300</width>
                <height>300</height>
                <depth>3</depth>
        </size>
        <segmented>0</segmented>
        <object>
                <name>tomato</name>
                <pose>Unspecified</pose>
                <truncated>0</truncated>
                <difficult>0</difficult>
                <bndbox>
                        <xmin>142.0</xmin>
                        <ymin>258.0</ymin>
                        <xmax>187.0</xmax>
                        <ymax>300.0</ymax>
                </bndbox>
        </object>
        <object>
                <name>tomato</name>
                <pose>Unspecified</pose>
                <truncated>0</truncated>
                <difficult>0</difficult>
                <bndbox>
                        <xmin>162.0</xmin>
                        <ymin>220.0</ymin>
                        <xmax>215.0</xmax>
                        <ymax>298.0</ymax>
                </bndbox>
        </object>
</annotation>
