<annotation>
        <folder>VineDataset</folder>
        <filename>flip_tomate_barroselas_20200806_0095_12.jpg</filename>
        <path>flip_tomate_barroselas_20200806_0095_12.jpg</path>
        <source>
                <database>Unknown</database>
        </source>
        <size>
                <width>300</width>
                <height>300</height>
                <depth>3</depth>
        </size>
        <segmented>0</segmented>
        <object>
                <name>tomato</name>
                <pose>Unspecified</pose>
                <truncated>0</truncated>
                <difficult>0</difficult>
                <bndbox>
                        <xmin>263.0</xmin>
                        <ymin>224.0</ymin>
                        <xmax>298.0</xmax>
                        <ymax>268.0</ymax>
                </bndbox>
        </object>
        <object>
                <name>tomato</name>
                <pose>Unspecified</pose>
                <truncated>0</truncated>
                <difficult>0</difficult>
                <bndbox>
                        <xmin>256.0</xmin>
                        <ymin>103.0</ymin>
                        <xmax>290.0</xmax>
                        <ymax>143.0</ymax>
                </bndbox>
        </object>
        <object>
                <name>tomato</name>
                <pose>Unspecified</pose>
                <truncated>0</truncated>
                <difficult>0</difficult>
                <bndbox>
                        <xmin>210.0</xmin>
                        <ymin>0.0</ymin>
                        <xmax>239.0</xmax>
                        <ymax>30.0</ymax>
                </bndbox>
        </object>
        <object>
                <name>tomato</name>
                <pose>Unspecified</pose>
                <truncated>0</truncated>
                <difficult>0</difficult>
                <bndbox>
                        <xmin>65.0</xmin>
                        <ymin>68.0</ymin>
                        <xmax>99.0</xmax>
                        <ymax>106.0</ymax>
                </bndbox>
        </object>
        <object>
                <name>tomato</name>
                <pose>Unspecified</pose>
                <truncated>0</truncated>
                <difficult>0</difficult>
                <bndbox>
                        <xmin>92.0</xmin>
                        <ymin>55.0</ymin>
                        <xmax>134.0</xmax>
                        <ymax>103.0</ymax>
                </bndbox>
        </object>
        <object>
                <name>tomato</name>
                <pose>Unspecified</pose>
                <truncated>0</truncated>
                <difficult>0</difficult>
                <bndbox>
                        <xmin>76.0</xmin>
                        <ymin>83.0</ymin>
                        <xmax>113.0</xmax>
                        <ymax>127.0</ymax>
                </bndbox>
        </object>
</annotation>
