<annotation>
        <folder>VineDataset</folder>
        <filename>flip_tomate_barroselas_20200806_0049_11.jpg</filename>
        <path>flip_tomate_barroselas_20200806_0049_11.jpg</path>
        <source>
                <database>Unknown</database>
        </source>
        <size>
                <width>300</width>
                <height>300</height>
                <depth>3</depth>
        </size>
        <segmented>0</segmented>
        <object>
                <name>tomato</name>
                <pose>Unspecified</pose>
                <truncated>0</truncated>
                <difficult>0</difficult>
                <bndbox>
                        <xmin>116.0</xmin>
                        <ymin>50.0</ymin>
                        <xmax>150.0</xmax>
                        <ymax>89.0</ymax>
                </bndbox>
        </object>
        <object>
                <name>tomato</name>
                <pose>Unspecified</pose>
                <truncated>0</truncated>
                <difficult>0</difficult>
                <bndbox>
                        <xmin>96.0</xmin>
                        <ymin>43.0</ymin>
                        <xmax>129.0</xmax>
                        <ymax>91.0</ymax>
                </bndbox>
        </object>
        <object>
                <name>tomato</name>
                <pose>Unspecified</pose>
                <truncated>0</truncated>
                <difficult>0</difficult>
                <bndbox>
                        <xmin>147.0</xmin>
                        <ymin>56.0</ymin>
                        <xmax>178.0</xmax>
                        <ymax>101.0</ymax>
                </bndbox>
        </object>
        <object>
                <name>tomato</name>
                <pose>Unspecified</pose>
                <truncated>0</truncated>
                <difficult>0</difficult>
                <bndbox>
                        <xmin>163.0</xmin>
                        <ymin>169.0</ymin>
                        <xmax>192.0</xmax>
                        <ymax>209.0</ymax>
                </bndbox>
        </object>
        <object>
                <name>tomato</name>
                <pose>Unspecified</pose>
                <truncated>0</truncated>
                <difficult>0</difficult>
                <bndbox>
                        <xmin>135.0</xmin>
                        <ymin>16.0</ymin>
                        <xmax>170.0</xmax>
                        <ymax>66.0</ymax>
                </bndbox>
        </object>
        <object>
                <name>tomato</name>
                <pose>Unspecified</pose>
                <truncated>0</truncated>
                <difficult>0</difficult>
                <bndbox>
                        <xmin>108.0</xmin>
                        <ymin>4.0</ymin>
                        <xmax>145.0</xmax>
                        <ymax>47.0</ymax>
                </bndbox>
        </object>
        <object>
                <name>tomato</name>
                <pose>Unspecified</pose>
                <truncated>0</truncated>
                <difficult>0</difficult>
                <bndbox>
                        <xmin>79.0</xmin>
                        <ymin>17.0</ymin>
                        <xmax>115.0</xmax>
                        <ymax>63.0</ymax>
                </bndbox>
        </object>
</annotation>
