<annotation>
        <folder>VineDataset</folder>
        <filename>flip_tomate_barroselas_20200806_0087_10.jpg</filename>
        <path>flip_tomate_barroselas_20200806_0087_10.jpg</path>
        <source>
                <database>Unknown</database>
        </source>
        <size>
                <width>300</width>
                <height>300</height>
                <depth>3</depth>
        </size>
        <segmented>0</segmented>
        <object>
                <name>tomato</name>
                <pose>Unspecified</pose>
                <truncated>0</truncated>
                <difficult>0</difficult>
                <bndbox>
                        <xmin>108.0</xmin>
                        <ymin>56.0</ymin>
                        <xmax>140.0</xmax>
                        <ymax>93.0</ymax>
                </bndbox>
        </object>
        <object>
                <name>tomato</name>
                <pose>Unspecified</pose>
                <truncated>0</truncated>
                <difficult>0</difficult>
                <bndbox>
                        <xmin>138.0</xmin>
                        <ymin>201.0</ymin>
                        <xmax>178.0</xmax>
                        <ymax>247.0</ymax>
                </bndbox>
        </object>
        <object>
                <name>tomato</name>
                <pose>Unspecified</pose>
                <truncated>0</truncated>
                <difficult>0</difficult>
                <bndbox>
                        <xmin>119.0</xmin>
                        <ymin>212.0</ymin>
                        <xmax>141.0</xmax>
                        <ymax>241.0</ymax>
                </bndbox>
        </object>
        <object>
                <name>tomato</name>
                <pose>Unspecified</pose>
                <truncated>0</truncated>
                <difficult>0</difficult>
                <bndbox>
                        <xmin>82.0</xmin>
                        <ymin>192.0</ymin>
                        <xmax>124.0</xmax>
                        <ymax>246.0</ymax>
                </bndbox>
        </object>
        <object>
                <name>tomato</name>
                <pose>Unspecified</pose>
                <truncated>0</truncated>
                <difficult>0</difficult>
                <bndbox>
                        <xmin>109.0</xmin>
                        <ymin>169.0</ymin>
                        <xmax>157.0</xmax>
                        <ymax>220.0</ymax>
                </bndbox>
        </object>
        <object>
                <name>tomato</name>
                <pose>Unspecified</pose>
                <truncated>0</truncated>
                <difficult>0</difficult>
                <bndbox>
                        <xmin>79.0</xmin>
                        <ymin>133.0</ymin>
                        <xmax>127.0</xmax>
                        <ymax>194.0</ymax>
                </bndbox>
        </object>
</annotation>
