<annotation>
        <folder>VineDataset</folder>
        <filename>flip_tomate_barroselas_20200806_0078_12.jpg</filename>
        <path>flip_tomate_barroselas_20200806_0078_12.jpg</path>
        <source>
                <database>Unknown</database>
        </source>
        <size>
                <width>300</width>
                <height>300</height>
                <depth>3</depth>
        </size>
        <segmented>0</segmented>
        <object>
                <name>tomato</name>
                <pose>Unspecified</pose>
                <truncated>0</truncated>
                <difficult>0</difficult>
                <bndbox>
                        <xmin>135.0</xmin>
                        <ymin>46.0</ymin>
                        <xmax>170.0</xmax>
                        <ymax>78.0</ymax>
                </bndbox>
        </object>
        <object>
                <name>tomato</name>
                <pose>Unspecified</pose>
                <truncated>0</truncated>
                <difficult>0</difficult>
                <bndbox>
                        <xmin>123.0</xmin>
                        <ymin>70.0</ymin>
                        <xmax>160.0</xmax>
                        <ymax>110.0</ymax>
                </bndbox>
        </object>
        <object>
                <name>tomato</name>
                <pose>Unspecified</pose>
                <truncated>0</truncated>
                <difficult>0</difficult>
                <bndbox>
                        <xmin>104.0</xmin>
                        <ymin>37.0</ymin>
                        <xmax>138.0</xmax>
                        <ymax>80.0</ymax>
                </bndbox>
        </object>
</annotation>
