<annotation>
        <folder>VineDataset</folder>
        <filename>flip_tomate_barroselas_20200806_0004_12.jpg</filename>
        <path>flip_tomate_barroselas_20200806_0004_12.jpg</path>
        <source>
                <database>Unknown</database>
        </source>
        <size>
                <width>300</width>
                <height>300</height>
                <depth>3</depth>
        </size>
        <segmented>0</segmented>
        <object>
                <name>tomato</name>
                <pose>Unspecified</pose>
                <truncated>0</truncated>
                <difficult>0</difficult>
                <bndbox>
                        <xmin>251.0</xmin>
                        <ymin>147.0</ymin>
                        <xmax>287.0</xmax>
                        <ymax>181.0</ymax>
                </bndbox>
        </object>
        <object>
                <name>tomato</name>
                <pose>Unspecified</pose>
                <truncated>0</truncated>
                <difficult>0</difficult>
                <bndbox>
                        <xmin>220.0</xmin>
                        <ymin>16.0</ymin>
                        <xmax>249.0</xmax>
                        <ymax>50.0</ymax>
                </bndbox>
        </object>
        <object>
                <name>tomato</name>
                <pose>Unspecified</pose>
                <truncated>0</truncated>
                <difficult>0</difficult>
                <bndbox>
                        <xmin>199.0</xmin>
                        <ymin>0.0</ymin>
                        <xmax>236.0</xmax>
                        <ymax>32.0</ymax>
                </bndbox>
        </object>
</annotation>
