<annotation>
        <folder>VineDataset</folder>
        <filename>flip_tomate_barroselas_20200806_0024_00.jpg</filename>
        <path>flip_tomate_barroselas_20200806_0024_00.jpg</path>
        <source>
                <database>Unknown</database>
        </source>
        <size>
                <width>300</width>
                <height>300</height>
                <depth>3</depth>
        </size>
        <segmented>0</segmented>
        <object>
                <name>tomato</name>
                <pose>Unspecified</pose>
                <truncated>0</truncated>
                <difficult>0</difficult>
                <bndbox>
                        <xmin>43.0</xmin>
                        <ymin>240.0</ymin>
                        <xmax>88.0</xmax>
                        <ymax>277.0</ymax>
                </bndbox>
        </object>
        <object>
                <name>tomato</name>
                <pose>Unspecified</pose>
                <truncated>0</truncated>
                <difficult>0</difficult>
                <bndbox>
                        <xmin>42.0</xmin>
                        <ymin>271.0</ymin>
                        <xmax>78.0</xmax>
                        <ymax>300.0</ymax>
                </bndbox>
        </object>
</annotation>
