<annotation>
        <folder>VineDataset</folder>
        <filename>flip_tomate_barroselas_20200806_0229_08.jpg</filename>
        <path>flip_tomate_barroselas_20200806_0229_08.jpg</path>
        <source>
                <database>Unknown</database>
        </source>
        <size>
                <width>300</width>
                <height>300</height>
                <depth>3</depth>
        </size>
        <segmented>0</segmented>
        <object>
                <name>tomato</name>
                <pose>Unspecified</pose>
                <truncated>0</truncated>
                <difficult>0</difficult>
                <bndbox>
                        <xmin>47.0</xmin>
                        <ymin>132.0</ymin>
                        <xmax>82.0</xmax>
                        <ymax>178.0</ymax>
                </bndbox>
        </object>
        <object>
                <name>tomato</name>
                <pose>Unspecified</pose>
                <truncated>0</truncated>
                <difficult>0</difficult>
                <bndbox>
                        <xmin>15.0</xmin>
                        <ymin>135.0</ymin>
                        <xmax>52.0</xmax>
                        <ymax>184.0</ymax>
                </bndbox>
        </object>
        <object>
                <name>tomato</name>
                <pose>Unspecified</pose>
                <truncated>0</truncated>
                <difficult>0</difficult>
                <bndbox>
                        <xmin>52.0</xmin>
                        <ymin>230.0</ymin>
                        <xmax>89.0</xmax>
                        <ymax>279.0</ymax>
                </bndbox>
        </object>
</annotation>
