<annotation>
        <folder>VineDataset</folder>
        <filename>flip_tomate_barroselas_20200806_0055_10.jpg</filename>
        <path>flip_tomate_barroselas_20200806_0055_10.jpg</path>
        <source>
                <database>Unknown</database>
        </source>
        <size>
                <width>300</width>
                <height>300</height>
                <depth>3</depth>
        </size>
        <segmented>0</segmented>
        <object>
                <name>tomato</name>
                <pose>Unspecified</pose>
                <truncated>0</truncated>
                <difficult>0</difficult>
                <bndbox>
                        <xmin>204.0</xmin>
                        <ymin>262.0</ymin>
                        <xmax>226.0</xmax>
                        <ymax>293.0</ymax>
                </bndbox>
        </object>
        <object>
                <name>tomato</name>
                <pose>Unspecified</pose>
                <truncated>0</truncated>
                <difficult>0</difficult>
                <bndbox>
                        <xmin>160.0</xmin>
                        <ymin>272.0</ymin>
                        <xmax>187.0</xmax>
                        <ymax>297.0</ymax>
                </bndbox>
        </object>
        <object>
                <name>tomato</name>
                <pose>Unspecified</pose>
                <truncated>0</truncated>
                <difficult>0</difficult>
                <bndbox>
                        <xmin>135.0</xmin>
                        <ymin>0.0</ymin>
                        <xmax>162.0</xmax>
                        <ymax>25.0</ymax>
                </bndbox>
        </object>
        <object>
                <name>tomato</name>
                <pose>Unspecified</pose>
                <truncated>0</truncated>
                <difficult>0</difficult>
                <bndbox>
                        <xmin>143.0</xmin>
                        <ymin>3.0</ymin>
                        <xmax>171.0</xmax>
                        <ymax>44.0</ymax>
                </bndbox>
        </object>
        <object>
                <name>tomato</name>
                <pose>Unspecified</pose>
                <truncated>0</truncated>
                <difficult>0</difficult>
                <bndbox>
                        <xmin>164.0</xmin>
                        <ymin>0.0</ymin>
                        <xmax>187.0</xmax>
                        <ymax>33.0</ymax>
                </bndbox>
        </object>
        <object>
                <name>tomato</name>
                <pose>Unspecified</pose>
                <truncated>0</truncated>
                <difficult>0</difficult>
                <bndbox>
                        <xmin>72.0</xmin>
                        <ymin>111.0</ymin>
                        <xmax>111.0</xmax>
                        <ymax>161.0</ymax>
                </bndbox>
        </object>
        <object>
                <name>tomato</name>
                <pose>Unspecified</pose>
                <truncated>0</truncated>
                <difficult>0</difficult>
                <bndbox>
                        <xmin>92.0</xmin>
                        <ymin>130.0</ymin>
                        <xmax>131.0</xmax>
                        <ymax>178.0</ymax>
                </bndbox>
        </object>
        <object>
                <name>tomato</name>
                <pose>Unspecified</pose>
                <truncated>0</truncated>
                <difficult>0</difficult>
                <bndbox>
                        <xmin>121.0</xmin>
                        <ymin>115.0</ymin>
                        <xmax>160.0</xmax>
                        <ymax>160.0</ymax>
                </bndbox>
        </object>
</annotation>
