<annotation>
        <folder>VineDataset</folder>
        <filename>flip_tomate_barroselas_20200806_0038_07.jpg</filename>
        <path>flip_tomate_barroselas_20200806_0038_07.jpg</path>
        <source>
                <database>Unknown</database>
        </source>
        <size>
                <width>300</width>
                <height>300</height>
                <depth>3</depth>
        </size>
        <segmented>0</segmented>
        <object>
                <name>tomato</name>
                <pose>Unspecified</pose>
                <truncated>0</truncated>
                <difficult>0</difficult>
                <bndbox>
                        <xmin>100.0</xmin>
                        <ymin>0.0</ymin>
                        <xmax>135.0</xmax>
                        <ymax>33.0</ymax>
                </bndbox>
        </object>
        <object>
                <name>tomato</name>
                <pose>Unspecified</pose>
                <truncated>0</truncated>
                <difficult>0</difficult>
                <bndbox>
                        <xmin>138.0</xmin>
                        <ymin>98.0</ymin>
                        <xmax>169.0</xmax>
                        <ymax>141.0</ymax>
                </bndbox>
        </object>
        <object>
                <name>tomato</name>
                <pose>Unspecified</pose>
                <truncated>0</truncated>
                <difficult>0</difficult>
                <bndbox>
                        <xmin>162.0</xmin>
                        <ymin>101.0</ymin>
                        <xmax>195.0</xmax>
                        <ymax>139.0</ymax>
                </bndbox>
        </object>
        <object>
                <name>tomato</name>
                <pose>Unspecified</pose>
                <truncated>0</truncated>
                <difficult>0</difficult>
                <bndbox>
                        <xmin>163.0</xmin>
                        <ymin>79.0</ymin>
                        <xmax>196.0</xmax>
                        <ymax>108.0</ymax>
                </bndbox>
        </object>
        <object>
                <name>tomato</name>
                <pose>Unspecified</pose>
                <truncated>0</truncated>
                <difficult>0</difficult>
                <bndbox>
                        <xmin>131.0</xmin>
                        <ymin>73.0</ymin>
                        <xmax>170.0</xmax>
                        <ymax>106.0</ymax>
                </bndbox>
        </object>
        <object>
                <name>tomato</name>
                <pose>Unspecified</pose>
                <truncated>0</truncated>
                <difficult>0</difficult>
                <bndbox>
                        <xmin>69.0</xmin>
                        <ymin>0.0</ymin>
                        <xmax>105.0</xmax>
                        <ymax>28.0</ymax>
                </bndbox>
        </object>
        <object>
                <name>tomato</name>
                <pose>Unspecified</pose>
                <truncated>0</truncated>
                <difficult>0</difficult>
                <bndbox>
                        <xmin>14.0</xmin>
                        <ymin>244.0</ymin>
                        <xmax>68.0</xmax>
                        <ymax>298.0</ymax>
                </bndbox>
        </object>
        <object>
                <name>tomato</name>
                <pose>Unspecified</pose>
                <truncated>0</truncated>
                <difficult>0</difficult>
                <bndbox>
                        <xmin>159.0</xmin>
                        <ymin>250.0</ymin>
                        <xmax>196.0</xmax>
                        <ymax>292.0</ymax>
                </bndbox>
        </object>
        <object>
                <name>tomato</name>
                <pose>Unspecified</pose>
                <truncated>0</truncated>
                <difficult>0</difficult>
                <bndbox>
                        <xmin>179.0</xmin>
                        <ymin>226.0</ymin>
                        <xmax>219.0</xmax>
                        <ymax>274.0</ymax>
                </bndbox>
        </object>
</annotation>
