<annotation>
        <folder>VineDataset</folder>
        <filename>flip_tomate_barroselas_20200806_0113_11.jpg</filename>
        <path>flip_tomate_barroselas_20200806_0113_11.jpg</path>
        <source>
                <database>Unknown</database>
        </source>
        <size>
                <width>300</width>
                <height>300</height>
                <depth>3</depth>
        </size>
        <segmented>0</segmented>
        <object>
                <name>tomato</name>
                <pose>Unspecified</pose>
                <truncated>0</truncated>
                <difficult>0</difficult>
                <bndbox>
                        <xmin>128.0</xmin>
                        <ymin>180.0</ymin>
                        <xmax>165.0</xmax>
                        <ymax>229.0</ymax>
                </bndbox>
        </object>
        <object>
                <name>tomato</name>
                <pose>Unspecified</pose>
                <truncated>0</truncated>
                <difficult>0</difficult>
                <bndbox>
                        <xmin>147.0</xmin>
                        <ymin>218.0</ymin>
                        <xmax>185.0</xmax>
                        <ymax>264.0</ymax>
                </bndbox>
        </object>
</annotation>
