<annotation>
        <folder>VineDataset</folder>
        <filename>flip_tomate_barroselas_20200806_0129_06.jpg</filename>
        <path>flip_tomate_barroselas_20200806_0129_06.jpg</path>
        <source>
                <database>Unknown</database>
        </source>
        <size>
                <width>300</width>
                <height>300</height>
                <depth>3</depth>
        </size>
        <segmented>0</segmented>
        <object>
                <name>tomato</name>
                <pose>Unspecified</pose>
                <truncated>0</truncated>
                <difficult>0</difficult>
                <bndbox>
                        <xmin>182.0</xmin>
                        <ymin>274.0</ymin>
                        <xmax>213.0</xmax>
                        <ymax>300.0</ymax>
                </bndbox>
        </object>
        <object>
                <name>tomato</name>
                <pose>Unspecified</pose>
                <truncated>0</truncated>
                <difficult>0</difficult>
                <bndbox>
                        <xmin>210.0</xmin>
                        <ymin>190.0</ymin>
                        <xmax>235.0</xmax>
                        <ymax>229.0</ymax>
                </bndbox>
        </object>
        <object>
                <name>tomato</name>
                <pose>Unspecified</pose>
                <truncated>0</truncated>
                <difficult>0</difficult>
                <bndbox>
                        <xmin>181.0</xmin>
                        <ymin>193.0</ymin>
                        <xmax>216.0</xmax>
                        <ymax>232.0</ymax>
                </bndbox>
        </object>
</annotation>
