<annotation>
        <folder>VineDataset</folder>
        <filename>flip_tomate_barroselas_20200806_0255_00.jpg</filename>
        <path>flip_tomate_barroselas_20200806_0255_00.jpg</path>
        <source>
                <database>Unknown</database>
        </source>
        <size>
                <width>300</width>
                <height>300</height>
                <depth>3</depth>
        </size>
        <segmented>0</segmented>
        <object>
                <name>tomato</name>
                <pose>Unspecified</pose>
                <truncated>0</truncated>
                <difficult>0</difficult>
                <bndbox>
                        <xmin>160.0</xmin>
                        <ymin>140.0</ymin>
                        <xmax>233.0</xmax>
                        <ymax>225.0</ymax>
                </bndbox>
        </object>
        <object>
                <name>tomato</name>
                <pose>Unspecified</pose>
                <truncated>0</truncated>
                <difficult>0</difficult>
                <bndbox>
                        <xmin>124.0</xmin>
                        <ymin>114.0</ymin>
                        <xmax>188.0</xmax>
                        <ymax>192.0</ymax>
                </bndbox>
        </object>
        <object>
                <name>tomato</name>
                <pose>Unspecified</pose>
                <truncated>0</truncated>
                <difficult>0</difficult>
                <bndbox>
                        <xmin>76.0</xmin>
                        <ymin>115.0</ymin>
                        <xmax>152.0</xmax>
                        <ymax>186.0</ymax>
                </bndbox>
        </object>
</annotation>
