<annotation>
        <folder>VineDataset</folder>
        <filename>flip_tomate_barroselas_20200806_0136_07.jpg</filename>
        <path>flip_tomate_barroselas_20200806_0136_07.jpg</path>
        <source>
                <database>Unknown</database>
        </source>
        <size>
                <width>300</width>
                <height>300</height>
                <depth>3</depth>
        </size>
        <segmented>0</segmented>
        <object>
                <name>tomato</name>
                <pose>Unspecified</pose>
                <truncated>0</truncated>
                <difficult>0</difficult>
                <bndbox>
                        <xmin>1.0</xmin>
                        <ymin>137.0</ymin>
                        <xmax>26.0</xmax>
                        <ymax>170.0</ymax>
                </bndbox>
        </object>
        <object>
                <name>tomato</name>
                <pose>Unspecified</pose>
                <truncated>0</truncated>
                <difficult>0</difficult>
                <bndbox>
                        <xmin>19.0</xmin>
                        <ymin>154.0</ymin>
                        <xmax>42.0</xmax>
                        <ymax>183.0</ymax>
                </bndbox>
        </object>
        <object>
                <name>tomato</name>
                <pose>Unspecified</pose>
                <truncated>0</truncated>
                <difficult>0</difficult>
                <bndbox>
                        <xmin>189.0</xmin>
                        <ymin>256.0</ymin>
                        <xmax>230.0</xmax>
                        <ymax>300.0</ymax>
                </bndbox>
        </object>
        <object>
                <name>tomato</name>
                <pose>Unspecified</pose>
                <truncated>0</truncated>
                <difficult>0</difficult>
                <bndbox>
                        <xmin>166.0</xmin>
                        <ymin>70.0</ymin>
                        <xmax>208.0</xmax>
                        <ymax>121.0</ymax>
                </bndbox>
        </object>
        <object>
                <name>tomato</name>
                <pose>Unspecified</pose>
                <truncated>0</truncated>
                <difficult>0</difficult>
                <bndbox>
                        <xmin>198.0</xmin>
                        <ymin>51.0</ymin>
                        <xmax>239.0</xmax>
                        <ymax>95.0</ymax>
                </bndbox>
        </object>
        <object>
                <name>tomato</name>
                <pose>Unspecified</pose>
                <truncated>0</truncated>
                <difficult>0</difficult>
                <bndbox>
                        <xmin>234.0</xmin>
                        <ymin>59.0</ymin>
                        <xmax>276.0</xmax>
                        <ymax>99.0</ymax>
                </bndbox>
        </object>
</annotation>
