<annotation>
        <folder>VineDataset</folder>
        <filename>flip_tomate_barroselas_20200806_0056_07.jpg</filename>
        <path>flip_tomate_barroselas_20200806_0056_07.jpg</path>
        <source>
                <database>Unknown</database>
        </source>
        <size>
                <width>300</width>
                <height>300</height>
                <depth>3</depth>
        </size>
        <segmented>0</segmented>
        <object>
                <name>tomato</name>
                <pose>Unspecified</pose>
                <truncated>0</truncated>
                <difficult>0</difficult>
                <bndbox>
                        <xmin>223.0</xmin>
                        <ymin>227.0</ymin>
                        <xmax>265.0</xmax>
                        <ymax>275.0</ymax>
                </bndbox>
        </object>
        <object>
                <name>tomato</name>
                <pose>Unspecified</pose>
                <truncated>0</truncated>
                <difficult>0</difficult>
                <bndbox>
                        <xmin>29.0</xmin>
                        <ymin>202.0</ymin>
                        <xmax>53.0</xmax>
                        <ymax>232.0</ymax>
                </bndbox>
        </object>
        <object>
                <name>tomato</name>
                <pose>Unspecified</pose>
                <truncated>0</truncated>
                <difficult>0</difficult>
                <bndbox>
                        <xmin>257.0</xmin>
                        <ymin>7.0</ymin>
                        <xmax>289.0</xmax>
                        <ymax>44.0</ymax>
                </bndbox>
        </object>
        <object>
                <name>tomato</name>
                <pose>Unspecified</pose>
                <truncated>0</truncated>
                <difficult>0</difficult>
                <bndbox>
                        <xmin>231.0</xmin>
                        <ymin>5.0</ymin>
                        <xmax>270.0</xmax>
                        <ymax>43.0</ymax>
                </bndbox>
        </object>
        <object>
                <name>tomato</name>
                <pose>Unspecified</pose>
                <truncated>0</truncated>
                <difficult>0</difficult>
                <bndbox>
                        <xmin>211.0</xmin>
                        <ymin>263.0</ymin>
                        <xmax>255.0</xmax>
                        <ymax>300.0</ymax>
                </bndbox>
        </object>
</annotation>
