<annotation>
        <folder>VineDataset</folder>
        <filename>flip_tomate_barroselas_20200806_0197_05.jpg</filename>
        <path>flip_tomate_barroselas_20200806_0197_05.jpg</path>
        <source>
                <database>Unknown</database>
        </source>
        <size>
                <width>300</width>
                <height>300</height>
                <depth>3</depth>
        </size>
        <segmented>0</segmented>
        <object>
                <name>tomato</name>
                <pose>Unspecified</pose>
                <truncated>0</truncated>
                <difficult>0</difficult>
                <bndbox>
                        <xmin>138.0</xmin>
                        <ymin>174.0</ymin>
                        <xmax>232.0</xmax>
                        <ymax>255.0</ymax>
                </bndbox>
        </object>
        <object>
                <name>tomato</name>
                <pose>Unspecified</pose>
                <truncated>0</truncated>
                <difficult>0</difficult>
                <bndbox>
                        <xmin>223.0</xmin>
                        <ymin>139.0</ymin>
                        <xmax>297.0</xmax>
                        <ymax>251.0</ymax>
                </bndbox>
        </object>
        <object>
                <name>tomato</name>
                <pose>Unspecified</pose>
                <truncated>0</truncated>
                <difficult>0</difficult>
                <bndbox>
                        <xmin>251.0</xmin>
                        <ymin>10.0</ymin>
                        <xmax>300.0</xmax>
                        <ymax>94.0</ymax>
                </bndbox>
        </object>
        <object>
                <name>tomato</name>
                <pose>Unspecified</pose>
                <truncated>0</truncated>
                <difficult>0</difficult>
                <bndbox>
                        <xmin>226.0</xmin>
                        <ymin>0.0</ymin>
                        <xmax>274.0</xmax>
                        <ymax>39.0</ymax>
                </bndbox>
        </object>
</annotation>
