<annotation>
        <folder>VineDataset</folder>
        <filename>flip_tomate_barroselas_20200806_0004_14.jpg</filename>
        <path>flip_tomate_barroselas_20200806_0004_14.jpg</path>
        <source>
                <database>Unknown</database>
        </source>
        <size>
                <width>300</width>
                <height>300</height>
                <depth>3</depth>
        </size>
        <segmented>0</segmented>
        <object>
                <name>tomato</name>
                <pose>Unspecified</pose>
                <truncated>0</truncated>
                <difficult>0</difficult>
                <bndbox>
                        <xmin>149.0</xmin>
                        <ymin>113.0</ymin>
                        <xmax>194.0</xmax>
                        <ymax>171.0</ymax>
                </bndbox>
        </object>
        <object>
                <name>tomato</name>
                <pose>Unspecified</pose>
                <truncated>0</truncated>
                <difficult>0</difficult>
                <bndbox>
                        <xmin>136.0</xmin>
                        <ymin>266.0</ymin>
                        <xmax>172.0</xmax>
                        <ymax>300.0</ymax>
                </bndbox>
        </object>
        <object>
                <name>tomato</name>
                <pose>Unspecified</pose>
                <truncated>0</truncated>
                <difficult>0</difficult>
                <bndbox>
                        <xmin>165.0</xmin>
                        <ymin>279.0</ymin>
                        <xmax>206.0</xmax>
                        <ymax>300.0</ymax>
                </bndbox>
        </object>
</annotation>
