<annotation>
        <folder>VineDataset</folder>
        <filename>flip_tomate_barroselas_20200806_0116_11.jpg</filename>
        <path>flip_tomate_barroselas_20200806_0116_11.jpg</path>
        <source>
                <database>Unknown</database>
        </source>
        <size>
                <width>300</width>
                <height>300</height>
                <depth>3</depth>
        </size>
        <segmented>0</segmented>
        <object>
                <name>tomato</name>
                <pose>Unspecified</pose>
                <truncated>0</truncated>
                <difficult>0</difficult>
                <bndbox>
                        <xmin>160.0</xmin>
                        <ymin>241.0</ymin>
                        <xmax>181.0</xmax>
                        <ymax>269.0</ymax>
                </bndbox>
        </object>
        <object>
                <name>tomato</name>
                <pose>Unspecified</pose>
                <truncated>0</truncated>
                <difficult>0</difficult>
                <bndbox>
                        <xmin>52.0</xmin>
                        <ymin>0.0</ymin>
                        <xmax>75.0</xmax>
                        <ymax>19.0</ymax>
                </bndbox>
        </object>
        <object>
                <name>tomato</name>
                <pose>Unspecified</pose>
                <truncated>0</truncated>
                <difficult>0</difficult>
                <bndbox>
                        <xmin>20.0</xmin>
                        <ymin>0.0</ymin>
                        <xmax>55.0</xmax>
                        <ymax>30.0</ymax>
                </bndbox>
        </object>
</annotation>
