<annotation>
        <folder>VineDataset</folder>
        <filename>flip_tomate_barroselas_20200806_0060_13.jpg</filename>
        <path>flip_tomate_barroselas_20200806_0060_13.jpg</path>
        <source>
                <database>Unknown</database>
        </source>
        <size>
                <width>300</width>
                <height>300</height>
                <depth>3</depth>
        </size>
        <segmented>0</segmented>
        <object>
                <name>tomato</name>
                <pose>Unspecified</pose>
                <truncated>0</truncated>
                <difficult>0</difficult>
                <bndbox>
                        <xmin>191.0</xmin>
                        <ymin>82.0</ymin>
                        <xmax>237.0</xmax>
                        <ymax>134.0</ymax>
                </bndbox>
        </object>
        <object>
                <name>tomato</name>
                <pose>Unspecified</pose>
                <truncated>0</truncated>
                <difficult>0</difficult>
                <bndbox>
                        <xmin>0.0</xmin>
                        <ymin>173.0</ymin>
                        <xmax>45.0</xmax>
                        <ymax>229.0</ymax>
                </bndbox>
        </object>
        <object>
                <name>tomato</name>
                <pose>Unspecified</pose>
                <truncated>0</truncated>
                <difficult>0</difficult>
                <bndbox>
                        <xmin>42.0</xmin>
                        <ymin>185.0</ymin>
                        <xmax>62.0</xmax>
                        <ymax>210.0</ymax>
                </bndbox>
        </object>
</annotation>
