<annotation>
        <folder>VineDataset</folder>
        <filename>noiserandom_tomate_barroselas_20200806_0110_01.jpg</filename>
        <path>noiserandom_tomate_barroselas_20200806_0110_01.jpg</path>
        <source>
                <database>Unknown</database>
        </source>
        <size>
                <width>300</width>
                <height>300</height>
                <depth>3</depth>
        </size>
        <segmented>0</segmented>
        <object>
                <name>tomato</name>
                <pose>Unspecified</pose>
                <truncated>0</truncated>
                <difficult>0</difficult>
                <bndbox>
                        <xmin>0.0</xmin>
                        <ymin>234.0</ymin>
                        <xmax>40.0</xmax>
                        <ymax>287.0</ymax>
                </bndbox>
        </object>
        <object>
                <name>tomato</name>
                <pose>Unspecified</pose>
                <truncated>0</truncated>
                <difficult>0</difficult>
                <bndbox>
                        <xmin>28.0</xmin>
                        <ymin>226.0</ymin>
                        <xmax>79.0</xmax>
                        <ymax>279.0</ymax>
                </bndbox>
        </object>
        <object>
                <name>tomato</name>
                <pose>Unspecified</pose>
                <truncated>0</truncated>
                <difficult>0</difficult>
                <bndbox>
                        <xmin>19.0</xmin>
                        <ymin>105.0</ymin>
                        <xmax>40.0</xmax>
                        <ymax>136.0</ymax>
                </bndbox>
        </object>
        <object>
                <name>tomato</name>
                <pose>Unspecified</pose>
                <truncated>0</truncated>
                <difficult>0</difficult>
                <bndbox>
                        <xmin>19.0</xmin>
                        <ymin>96.0</ymin>
                        <xmax>58.0</xmax>
                        <ymax>147.0</ymax>
                </bndbox>
        </object>
        <object>
                <name>tomato</name>
                <pose>Unspecified</pose>
                <truncated>0</truncated>
                <difficult>0</difficult>
                <bndbox>
                        <xmin>0.0</xmin>
                        <ymin>100.0</ymin>
                        <xmax>22.0</xmax>
                        <ymax>129.0</ymax>
                </bndbox>
        </object>
</annotation>
