<annotation>
        <folder>VineDataset</folder>
        <filename>noiserandom_tomate_barroselas_20200806_0123_14.jpg</filename>
        <path>noiserandom_tomate_barroselas_20200806_0123_14.jpg</path>
        <source>
                <database>Unknown</database>
        </source>
        <size>
                <width>300</width>
                <height>300</height>
                <depth>3</depth>
        </size>
        <segmented>0</segmented>
        <object>
                <name>tomato</name>
                <pose>Unspecified</pose>
                <truncated>0</truncated>
                <difficult>0</difficult>
                <bndbox>
                        <xmin>229.0</xmin>
                        <ymin>270.0</ymin>
                        <xmax>276.0</xmax>
                        <ymax>300.0</ymax>
                </bndbox>
        </object>
        <object>
                <name>tomato</name>
                <pose>Unspecified</pose>
                <truncated>0</truncated>
                <difficult>0</difficult>
                <bndbox>
                        <xmin>265.0</xmin>
                        <ymin>261.0</ymin>
                        <xmax>300.0</xmax>
                        <ymax>300.0</ymax>
                </bndbox>
        </object>
        <object>
                <name>tomato</name>
                <pose>Unspecified</pose>
                <truncated>0</truncated>
                <difficult>0</difficult>
                <bndbox>
                        <xmin>273.0</xmin>
                        <ymin>57.0</ymin>
                        <xmax>300.0</xmax>
                        <ymax>114.0</ymax>
                </bndbox>
        </object>
</annotation>
