<annotation>
        <folder>VineDataset</folder>
        <filename>noiserandom_tomate_barroselas_20200806_0249_07.jpg</filename>
        <path>noiserandom_tomate_barroselas_20200806_0249_07.jpg</path>
        <source>
                <database>Unknown</database>
        </source>
        <size>
                <width>300</width>
                <height>300</height>
                <depth>3</depth>
        </size>
        <segmented>0</segmented>
        <object>
                <name>tomato</name>
                <pose>Unspecified</pose>
                <truncated>0</truncated>
                <difficult>0</difficult>
                <bndbox>
                        <xmin>197.0</xmin>
                        <ymin>0.0</ymin>
                        <xmax>241.0</xmax>
                        <ymax>37.0</ymax>
                </bndbox>
        </object>
        <object>
                <name>tomato</name>
                <pose>Unspecified</pose>
                <truncated>0</truncated>
                <difficult>0</difficult>
                <bndbox>
                        <xmin>61.0</xmin>
                        <ymin>257.0</ymin>
                        <xmax>95.0</xmax>
                        <ymax>298.0</ymax>
                </bndbox>
        </object>
        <object>
                <name>tomato</name>
                <pose>Unspecified</pose>
                <truncated>0</truncated>
                <difficult>0</difficult>
                <bndbox>
                        <xmin>143.0</xmin>
                        <ymin>129.0</ymin>
                        <xmax>186.0</xmax>
                        <ymax>192.0</ymax>
                </bndbox>
        </object>
</annotation>
