<annotation>
        <folder>VineDataset</folder>
        <filename>noiserandom_tomate_barroselas_20200806_0055_13.jpg</filename>
        <path>noiserandom_tomate_barroselas_20200806_0055_13.jpg</path>
        <source>
                <database>Unknown</database>
        </source>
        <size>
                <width>300</width>
                <height>300</height>
                <depth>3</depth>
        </size>
        <segmented>0</segmented>
        <object>
                <name>tomato</name>
                <pose>Unspecified</pose>
                <truncated>0</truncated>
                <difficult>0</difficult>
                <bndbox>
                        <xmin>258.0</xmin>
                        <ymin>57.0</ymin>
                        <xmax>298.0</xmax>
                        <ymax>109.0</ymax>
                </bndbox>
        </object>
        <object>
                <name>tomato</name>
                <pose>Unspecified</pose>
                <truncated>0</truncated>
                <difficult>0</difficult>
                <bndbox>
                        <xmin>62.0</xmin>
                        <ymin>133.0</ymin>
                        <xmax>100.0</xmax>
                        <ymax>187.0</ymax>
                </bndbox>
        </object>
        <object>
                <name>tomato</name>
                <pose>Unspecified</pose>
                <truncated>0</truncated>
                <difficult>0</difficult>
                <bndbox>
                        <xmin>94.0</xmin>
                        <ymin>140.0</ymin>
                        <xmax>121.0</xmax>
                        <ymax>185.0</ymax>
                </bndbox>
        </object>
        <object>
                <name>tomato</name>
                <pose>Unspecified</pose>
                <truncated>0</truncated>
                <difficult>0</difficult>
                <bndbox>
                        <xmin>267.0</xmin>
                        <ymin>95.0</ymin>
                        <xmax>300.0</xmax>
                        <ymax>151.0</ymax>
                </bndbox>
        </object>
        <object>
                <name>tomato</name>
                <pose>Unspecified</pose>
                <truncated>0</truncated>
                <difficult>0</difficult>
                <bndbox>
                        <xmin>18.0</xmin>
                        <ymin>261.0</ymin>
                        <xmax>66.0</xmax>
                        <ymax>300.0</ymax>
                </bndbox>
        </object>
        <object>
                <name>tomato</name>
                <pose>Unspecified</pose>
                <truncated>0</truncated>
                <difficult>0</difficult>
                <bndbox>
                        <xmin>5.0</xmin>
                        <ymin>132.0</ymin>
                        <xmax>51.0</xmax>
                        <ymax>180.0</ymax>
                </bndbox>
        </object>
        <object>
                <name>tomato</name>
                <pose>Unspecified</pose>
                <truncated>0</truncated>
                <difficult>0</difficult>
                <bndbox>
                        <xmin>219.0</xmin>
                        <ymin>141.0</ymin>
                        <xmax>253.0</xmax>
                        <ymax>176.0</ymax>
                </bndbox>
        </object>
        <object>
                <name>tomato</name>
                <pose>Unspecified</pose>
                <truncated>0</truncated>
                <difficult>0</difficult>
                <bndbox>
                        <xmin>41.0</xmin>
                        <ymin>142.0</ymin>
                        <xmax>72.0</xmax>
                        <ymax>193.0</ymax>
                </bndbox>
        </object>
        <object>
                <name>tomato</name>
                <pose>Unspecified</pose>
                <truncated>0</truncated>
                <difficult>0</difficult>
                <bndbox>
                        <xmin>66.0</xmin>
                        <ymin>272.0</ymin>
                        <xmax>102.0</xmax>
                        <ymax>300.0</ymax>
                </bndbox>
        </object>
</annotation>
