<annotation>
        <folder>VineDataset</folder>
        <filename>noiserandom_tomate_barroselas_20200806_0167_05.jpg</filename>
        <path>noiserandom_tomate_barroselas_20200806_0167_05.jpg</path>
        <source>
                <database>Unknown</database>
        </source>
        <size>
                <width>300</width>
                <height>300</height>
                <depth>3</depth>
        </size>
        <segmented>0</segmented>
        <object>
                <name>tomato</name>
                <pose>Unspecified</pose>
                <truncated>0</truncated>
                <difficult>0</difficult>
                <bndbox>
                        <xmin>179.0</xmin>
                        <ymin>0.0</ymin>
                        <xmax>231.0</xmax>
                        <ymax>55.0</ymax>
                </bndbox>
        </object>
        <object>
                <name>tomato</name>
                <pose>Unspecified</pose>
                <truncated>0</truncated>
                <difficult>0</difficult>
                <bndbox>
                        <xmin>109.0</xmin>
                        <ymin>188.0</ymin>
                        <xmax>183.0</xmax>
                        <ymax>275.0</ymax>
                </bndbox>
        </object>
        <object>
                <name>tomato</name>
                <pose>Unspecified</pose>
                <truncated>0</truncated>
                <difficult>0</difficult>
                <bndbox>
                        <xmin>175.0</xmin>
                        <ymin>199.0</ymin>
                        <xmax>249.0</xmax>
                        <ymax>265.0</ymax>
                </bndbox>
        </object>
        <object>
                <name>tomato</name>
                <pose>Unspecified</pose>
                <truncated>0</truncated>
                <difficult>0</difficult>
                <bndbox>
                        <xmin>132.0</xmin>
                        <ymin>0.0</ymin>
                        <xmax>192.0</xmax>
                        <ymax>56.0</ymax>
                </bndbox>
        </object>
</annotation>
