<annotation>
        <folder>VineDataset</folder>
        <filename>noiserandom_tomate_barroselas_20200806_0030_14.jpg</filename>
        <path>noiserandom_tomate_barroselas_20200806_0030_14.jpg</path>
        <source>
                <database>Unknown</database>
        </source>
        <size>
                <width>300</width>
                <height>300</height>
                <depth>3</depth>
        </size>
        <segmented>0</segmented>
        <object>
                <name>tomato</name>
                <pose>Unspecified</pose>
                <truncated>0</truncated>
                <difficult>0</difficult>
                <bndbox>
                        <xmin>142.0</xmin>
                        <ymin>181.0</ymin>
                        <xmax>169.0</xmax>
                        <ymax>212.0</ymax>
                </bndbox>
        </object>
        <object>
                <name>tomato</name>
                <pose>Unspecified</pose>
                <truncated>0</truncated>
                <difficult>0</difficult>
                <bndbox>
                        <xmin>166.0</xmin>
                        <ymin>180.0</ymin>
                        <xmax>195.0</xmax>
                        <ymax>210.0</ymax>
                </bndbox>
        </object>
        <object>
                <name>tomato</name>
                <pose>Unspecified</pose>
                <truncated>0</truncated>
                <difficult>0</difficult>
                <bndbox>
                        <xmin>0.0</xmin>
                        <ymin>163.0</ymin>
                        <xmax>35.0</xmax>
                        <ymax>220.0</ymax>
                </bndbox>
        </object>
</annotation>
