<annotation>
        <folder>VineDataset</folder>
        <filename>noiserandom_tomate_barroselas_20200806_0167_06.jpg</filename>
        <path>noiserandom_tomate_barroselas_20200806_0167_06.jpg</path>
        <source>
                <database>Unknown</database>
        </source>
        <size>
                <width>300</width>
                <height>300</height>
                <depth>3</depth>
        </size>
        <segmented>0</segmented>
        <object>
                <name>tomato</name>
                <pose>Unspecified</pose>
                <truncated>0</truncated>
                <difficult>0</difficult>
                <bndbox>
                        <xmin>219.0</xmin>
                        <ymin>58.0</ymin>
                        <xmax>257.0</xmax>
                        <ymax>95.0</ymax>
                </bndbox>
        </object>
        <object>
                <name>tomato</name>
                <pose>Unspecified</pose>
                <truncated>0</truncated>
                <difficult>0</difficult>
                <bndbox>
                        <xmin>201.0</xmin>
                        <ymin>90.0</ymin>
                        <xmax>231.0</xmax>
                        <ymax>126.0</ymax>
                </bndbox>
        </object>
        <object>
                <name>tomato</name>
                <pose>Unspecified</pose>
                <truncated>0</truncated>
                <difficult>0</difficult>
                <bndbox>
                        <xmin>104.0</xmin>
                        <ymin>69.0</ymin>
                        <xmax>155.0</xmax>
                        <ymax>131.0</ymax>
                </bndbox>
        </object>
        <object>
                <name>tomato</name>
                <pose>Unspecified</pose>
                <truncated>0</truncated>
                <difficult>0</difficult>
                <bndbox>
                        <xmin>176.0</xmin>
                        <ymin>13.0</ymin>
                        <xmax>233.0</xmax>
                        <ymax>62.0</ymax>
                </bndbox>
        </object>
        <object>
                <name>tomato</name>
                <pose>Unspecified</pose>
                <truncated>0</truncated>
                <difficult>0</difficult>
                <bndbox>
                        <xmin>28.0</xmin>
                        <ymin>253.0</ymin>
                        <xmax>80.0</xmax>
                        <ymax>300.0</ymax>
                </bndbox>
        </object>
        <object>
                <name>tomato</name>
                <pose>Unspecified</pose>
                <truncated>0</truncated>
                <difficult>0</difficult>
                <bndbox>
                        <xmin>152.0</xmin>
                        <ymin>69.0</ymin>
                        <xmax>205.0</xmax>
                        <ymax>142.0</ymax>
                </bndbox>
        </object>
</annotation>
