<annotation>
        <folder>VineDataset</folder>
        <filename>noiserandom_tomate_barroselas_20200806_0246_17.jpg</filename>
        <path>noiserandom_tomate_barroselas_20200806_0246_17.jpg</path>
        <source>
                <database>Unknown</database>
        </source>
        <size>
                <width>300</width>
                <height>300</height>
                <depth>3</depth>
        </size>
        <segmented>0</segmented>
        <object>
                <name>tomato</name>
                <pose>Unspecified</pose>
                <truncated>0</truncated>
                <difficult>0</difficult>
                <bndbox>
                        <xmin>58.0</xmin>
                        <ymin>116.0</ymin>
                        <xmax>111.0</xmax>
                        <ymax>187.0</ymax>
                </bndbox>
        </object>
        <object>
                <name>tomato</name>
                <pose>Unspecified</pose>
                <truncated>0</truncated>
                <difficult>0</difficult>
                <bndbox>
                        <xmin>22.0</xmin>
                        <ymin>121.0</ymin>
                        <xmax>69.0</xmax>
                        <ymax>185.0</ymax>
                </bndbox>
        </object>
        <object>
                <name>tomato</name>
                <pose>Unspecified</pose>
                <truncated>0</truncated>
                <difficult>0</difficult>
                <bndbox>
                        <xmin>35.0</xmin>
                        <ymin>23.0</ymin>
                        <xmax>93.0</xmax>
                        <ymax>95.0</ymax>
                </bndbox>
        </object>
</annotation>
