<annotation>
        <folder>VineDataset</folder>
        <filename>noiserandom_tomate_barroselas_20200806_0205_09.jpg</filename>
        <path>noiserandom_tomate_barroselas_20200806_0205_09.jpg</path>
        <source>
                <database>Unknown</database>
        </source>
        <size>
                <width>300</width>
                <height>300</height>
                <depth>3</depth>
        </size>
        <segmented>0</segmented>
        <object>
                <name>tomato</name>
                <pose>Unspecified</pose>
                <truncated>0</truncated>
                <difficult>0</difficult>
                <bndbox>
                        <xmin>57.0</xmin>
                        <ymin>156.0</ymin>
                        <xmax>128.0</xmax>
                        <ymax>257.0</ymax>
                </bndbox>
        </object>
        <object>
                <name>tomato</name>
                <pose>Unspecified</pose>
                <truncated>0</truncated>
                <difficult>0</difficult>
                <bndbox>
                        <xmin>110.0</xmin>
                        <ymin>125.0</ymin>
                        <xmax>192.0</xmax>
                        <ymax>229.0</ymax>
                </bndbox>
        </object>
        <object>
                <name>tomato</name>
                <pose>Unspecified</pose>
                <truncated>0</truncated>
                <difficult>0</difficult>
                <bndbox>
                        <xmin>171.0</xmin>
                        <ymin>0.0</ymin>
                        <xmax>224.0</xmax>
                        <ymax>69.0</ymax>
                </bndbox>
        </object>
</annotation>
