<annotation>
        <folder>VineDataset</folder>
        <filename>noiserandom_tomate_barroselas_20200806_0104_09.jpg</filename>
        <path>noiserandom_tomate_barroselas_20200806_0104_09.jpg</path>
        <source>
                <database>Unknown</database>
        </source>
        <size>
                <width>300</width>
                <height>300</height>
                <depth>3</depth>
        </size>
        <segmented>0</segmented>
        <object>
                <name>tomato</name>
                <pose>Unspecified</pose>
                <truncated>0</truncated>
                <difficult>0</difficult>
                <bndbox>
                        <xmin>187.0</xmin>
                        <ymin>142.0</ymin>
                        <xmax>234.0</xmax>
                        <ymax>199.0</ymax>
                </bndbox>
        </object>
        <object>
                <name>tomato</name>
                <pose>Unspecified</pose>
                <truncated>0</truncated>
                <difficult>0</difficult>
                <bndbox>
                        <xmin>153.0</xmin>
                        <ymin>134.0</ymin>
                        <xmax>193.0</xmax>
                        <ymax>191.0</ymax>
                </bndbox>
        </object>
</annotation>
