<annotation>
        <folder>VineDataset</folder>
        <filename>noiserandom_tomate_barroselas_20200806_0204_05.jpg</filename>
        <path>noiserandom_tomate_barroselas_20200806_0204_05.jpg</path>
        <source>
                <database>Unknown</database>
        </source>
        <size>
                <width>300</width>
                <height>300</height>
                <depth>3</depth>
        </size>
        <segmented>0</segmented>
        <object>
                <name>tomato</name>
                <pose>Unspecified</pose>
                <truncated>0</truncated>
                <difficult>0</difficult>
                <bndbox>
                        <xmin>0.0</xmin>
                        <ymin>149.0</ymin>
                        <xmax>37.0</xmax>
                        <ymax>239.0</ymax>
                </bndbox>
        </object>
        <object>
                <name>tomato</name>
                <pose>Unspecified</pose>
                <truncated>0</truncated>
                <difficult>0</difficult>
                <bndbox>
                        <xmin>23.0</xmin>
                        <ymin>37.0</ymin>
                        <xmax>70.0</xmax>
                        <ymax>112.0</ymax>
                </bndbox>
        </object>
        <object>
                <name>tomato</name>
                <pose>Unspecified</pose>
                <truncated>0</truncated>
                <difficult>0</difficult>
                <bndbox>
                        <xmin>69.0</xmin>
                        <ymin>73.0</ymin>
                        <xmax>139.0</xmax>
                        <ymax>142.0</ymax>
                </bndbox>
        </object>
        <object>
                <name>tomato</name>
                <pose>Unspecified</pose>
                <truncated>0</truncated>
                <difficult>0</difficult>
                <bndbox>
                        <xmin>56.0</xmin>
                        <ymin>52.0</ymin>
                        <xmax>109.0</xmax>
                        <ymax>111.0</ymax>
                </bndbox>
        </object>
</annotation>
