<annotation>
        <folder>VineDataset</folder>
        <filename>noiserandom_tomate_barroselas_20200806_0070_11.jpg</filename>
        <path>noiserandom_tomate_barroselas_20200806_0070_11.jpg</path>
        <source>
                <database>Unknown</database>
        </source>
        <size>
                <width>300</width>
                <height>300</height>
                <depth>3</depth>
        </size>
        <segmented>0</segmented>
        <object>
                <name>tomato</name>
                <pose>Unspecified</pose>
                <truncated>0</truncated>
                <difficult>0</difficult>
                <bndbox>
                        <xmin>201.0</xmin>
                        <ymin>211.0</ymin>
                        <xmax>243.0</xmax>
                        <ymax>258.0</ymax>
                </bndbox>
        </object>
        <object>
                <name>tomato</name>
                <pose>Unspecified</pose>
                <truncated>0</truncated>
                <difficult>0</difficult>
                <bndbox>
                        <xmin>0.0</xmin>
                        <ymin>186.0</ymin>
                        <xmax>34.0</xmax>
                        <ymax>239.0</ymax>
                </bndbox>
        </object>
        <object>
                <name>tomato</name>
                <pose>Unspecified</pose>
                <truncated>0</truncated>
                <difficult>0</difficult>
                <bndbox>
                        <xmin>162.0</xmin>
                        <ymin>101.0</ymin>
                        <xmax>199.0</xmax>
                        <ymax>139.0</ymax>
                </bndbox>
        </object>
        <object>
                <name>tomato</name>
                <pose>Unspecified</pose>
                <truncated>0</truncated>
                <difficult>0</difficult>
                <bndbox>
                        <xmin>208.0</xmin>
                        <ymin>51.0</ymin>
                        <xmax>252.0</xmax>
                        <ymax>87.0</ymax>
                </bndbox>
        </object>
        <object>
                <name>tomato</name>
                <pose>Unspecified</pose>
                <truncated>0</truncated>
                <difficult>0</difficult>
                <bndbox>
                        <xmin>225.0</xmin>
                        <ymin>191.0</ymin>
                        <xmax>267.0</xmax>
                        <ymax>239.0</ymax>
                </bndbox>
        </object>
</annotation>
