<annotation>
        <folder>VineDataset</folder>
        <filename>noiserandom_tomate_barroselas_20200806_0000_08.jpg</filename>
        <path>noiserandom_tomate_barroselas_20200806_0000_08.jpg</path>
        <source>
                <database>Unknown</database>
        </source>
        <size>
                <width>300</width>
                <height>300</height>
                <depth>3</depth>
        </size>
        <segmented>0</segmented>
        <object>
                <name>tomato</name>
                <pose>Unspecified</pose>
                <truncated>0</truncated>
                <difficult>0</difficult>
                <bndbox>
                        <xmin>186.0</xmin>
                        <ymin>201.0</ymin>
                        <xmax>235.0</xmax>
                        <ymax>258.0</ymax>
                </bndbox>
        </object>
        <object>
                <name>tomato</name>
                <pose>Unspecified</pose>
                <truncated>0</truncated>
                <difficult>0</difficult>
                <bndbox>
                        <xmin>259.0</xmin>
                        <ymin>174.0</ymin>
                        <xmax>300.0</xmax>
                        <ymax>237.0</ymax>
                </bndbox>
        </object>
        <object>
                <name>tomato</name>
                <pose>Unspecified</pose>
                <truncated>0</truncated>
                <difficult>0</difficult>
                <bndbox>
                        <xmin>225.0</xmin>
                        <ymin>221.0</ymin>
                        <xmax>265.0</xmax>
                        <ymax>273.0</ymax>
                </bndbox>
        </object>
</annotation>
