<annotation>
        <folder>VineDataset</folder>
        <filename>noiserandom_tomate_barroselas_20200806_0054_09.jpg</filename>
        <path>noiserandom_tomate_barroselas_20200806_0054_09.jpg</path>
        <source>
                <database>Unknown</database>
        </source>
        <size>
                <width>300</width>
                <height>300</height>
                <depth>3</depth>
        </size>
        <segmented>0</segmented>
        <object>
                <name>tomato</name>
                <pose>Unspecified</pose>
                <truncated>0</truncated>
                <difficult>0</difficult>
                <bndbox>
                        <xmin>32.0</xmin>
                        <ymin>113.0</ymin>
                        <xmax>72.0</xmax>
                        <ymax>166.0</ymax>
                </bndbox>
        </object>
        <object>
                <name>tomato</name>
                <pose>Unspecified</pose>
                <truncated>0</truncated>
                <difficult>0</difficult>
                <bndbox>
                        <xmin>30.0</xmin>
                        <ymin>241.0</ymin>
                        <xmax>74.0</xmax>
                        <ymax>294.0</ymax>
                </bndbox>
        </object>
        <object>
                <name>tomato</name>
                <pose>Unspecified</pose>
                <truncated>0</truncated>
                <difficult>0</difficult>
                <bndbox>
                        <xmin>3.0</xmin>
                        <ymin>137.0</ymin>
                        <xmax>39.0</xmax>
                        <ymax>183.0</ymax>
                </bndbox>
        </object>
        <object>
                <name>tomato</name>
                <pose>Unspecified</pose>
                <truncated>0</truncated>
                <difficult>0</difficult>
                <bndbox>
                        <xmin>1.0</xmin>
                        <ymin>0.0</ymin>
                        <xmax>36.0</xmax>
                        <ymax>39.0</ymax>
                </bndbox>
        </object>
        <object>
                <name>tomato</name>
                <pose>Unspecified</pose>
                <truncated>0</truncated>
                <difficult>0</difficult>
                <bndbox>
                        <xmin>29.0</xmin>
                        <ymin>0.0</ymin>
                        <xmax>57.0</xmax>
                        <ymax>44.0</ymax>
                </bndbox>
        </object>
</annotation>
