<annotation>
        <folder>VineDataset</folder>
        <filename>noiserandom_tomate_barroselas_20200806_0040_08.jpg</filename>
        <path>noiserandom_tomate_barroselas_20200806_0040_08.jpg</path>
        <source>
                <database>Unknown</database>
        </source>
        <size>
                <width>300</width>
                <height>300</height>
                <depth>3</depth>
        </size>
        <segmented>0</segmented>
        <object>
                <name>tomato</name>
                <pose>Unspecified</pose>
                <truncated>0</truncated>
                <difficult>0</difficult>
                <bndbox>
                        <xmin>115.0</xmin>
                        <ymin>108.0</ymin>
                        <xmax>155.0</xmax>
                        <ymax>149.0</ymax>
                </bndbox>
        </object>
        <object>
                <name>tomato</name>
                <pose>Unspecified</pose>
                <truncated>0</truncated>
                <difficult>0</difficult>
                <bndbox>
                        <xmin>86.0</xmin>
                        <ymin>121.0</ymin>
                        <xmax>123.0</xmax>
                        <ymax>165.0</ymax>
                </bndbox>
        </object>
        <object>
                <name>tomato</name>
                <pose>Unspecified</pose>
                <truncated>0</truncated>
                <difficult>0</difficult>
                <bndbox>
                        <xmin>134.0</xmin>
                        <ymin>271.0</ymin>
                        <xmax>171.0</xmax>
                        <ymax>300.0</ymax>
                </bndbox>
        </object>
        <object>
                <name>tomato</name>
                <pose>Unspecified</pose>
                <truncated>0</truncated>
                <difficult>0</difficult>
                <bndbox>
                        <xmin>106.0</xmin>
                        <ymin>248.0</ymin>
                        <xmax>154.0</xmax>
                        <ymax>300.0</ymax>
                </bndbox>
        </object>
        <object>
                <name>tomato</name>
                <pose>Unspecified</pose>
                <truncated>0</truncated>
                <difficult>0</difficult>
                <bndbox>
                        <xmin>141.0</xmin>
                        <ymin>223.0</ymin>
                        <xmax>185.0</xmax>
                        <ymax>282.0</ymax>
                </bndbox>
        </object>
</annotation>
