<annotation>
        <folder>VineDataset</folder>
        <filename>noiserandom_tomate_barroselas_20200806_0057_07.jpg</filename>
        <path>noiserandom_tomate_barroselas_20200806_0057_07.jpg</path>
        <source>
                <database>Unknown</database>
        </source>
        <size>
                <width>300</width>
                <height>300</height>
                <depth>3</depth>
        </size>
        <segmented>0</segmented>
        <object>
                <name>tomato</name>
                <pose>Unspecified</pose>
                <truncated>0</truncated>
                <difficult>0</difficult>
                <bndbox>
                        <xmin>115.0</xmin>
                        <ymin>170.0</ymin>
                        <xmax>158.0</xmax>
                        <ymax>216.0</ymax>
                </bndbox>
        </object>
        <object>
                <name>tomato</name>
                <pose>Unspecified</pose>
                <truncated>0</truncated>
                <difficult>0</difficult>
                <bndbox>
                        <xmin>147.0</xmin>
                        <ymin>188.0</ymin>
                        <xmax>181.0</xmax>
                        <ymax>236.0</ymax>
                </bndbox>
        </object>
</annotation>
