<annotation>
        <folder>VineDataset</folder>
        <filename>noiserandom_tomate_barroselas_20200806_0049_12.jpg</filename>
        <path>noiserandom_tomate_barroselas_20200806_0049_12.jpg</path>
        <source>
                <database>Unknown</database>
        </source>
        <size>
                <width>300</width>
                <height>300</height>
                <depth>3</depth>
        </size>
        <segmented>0</segmented>
        <object>
                <name>tomato</name>
                <pose>Unspecified</pose>
                <truncated>0</truncated>
                <difficult>0</difficult>
                <bndbox>
                        <xmin>191.0</xmin>
                        <ymin>78.0</ymin>
                        <xmax>227.0</xmax>
                        <ymax>125.0</ymax>
                </bndbox>
        </object>
        <object>
                <name>tomato</name>
                <pose>Unspecified</pose>
                <truncated>0</truncated>
                <difficult>0</difficult>
                <bndbox>
                        <xmin>169.0</xmin>
                        <ymin>77.0</ymin>
                        <xmax>202.0</xmax>
                        <ymax>122.0</ymax>
                </bndbox>
        </object>
        <object>
                <name>tomato</name>
                <pose>Unspecified</pose>
                <truncated>0</truncated>
                <difficult>0</difficult>
                <bndbox>
                        <xmin>191.0</xmin>
                        <ymin>213.0</ymin>
                        <xmax>225.0</xmax>
                        <ymax>256.0</ymax>
                </bndbox>
        </object>
</annotation>
