<annotation>
        <folder>VineDataset</folder>
        <filename>noiserandom_tomate_barroselas_20200806_0028_12.jpg</filename>
        <path>noiserandom_tomate_barroselas_20200806_0028_12.jpg</path>
        <source>
                <database>Unknown</database>
        </source>
        <size>
                <width>300</width>
                <height>300</height>
                <depth>3</depth>
        </size>
        <segmented>0</segmented>
        <object>
                <name>tomato</name>
                <pose>Unspecified</pose>
                <truncated>0</truncated>
                <difficult>0</difficult>
                <bndbox>
                        <xmin>66.0</xmin>
                        <ymin>64.0</ymin>
                        <xmax>92.0</xmax>
                        <ymax>96.0</ymax>
                </bndbox>
        </object>
        <object>
                <name>tomato</name>
                <pose>Unspecified</pose>
                <truncated>0</truncated>
                <difficult>0</difficult>
                <bndbox>
                        <xmin>170.0</xmin>
                        <ymin>190.0</ymin>
                        <xmax>192.0</xmax>
                        <ymax>219.0</ymax>
                </bndbox>
        </object>
        <object>
                <name>tomato</name>
                <pose>Unspecified</pose>
                <truncated>0</truncated>
                <difficult>0</difficult>
                <bndbox>
                        <xmin>291.0</xmin>
                        <ymin>246.0</ymin>
                        <xmax>300.0</xmax>
                        <ymax>267.0</ymax>
                </bndbox>
        </object>
</annotation>
