<annotation>
        <folder>VineDataset</folder>
        <filename>noiserandom_tomate_barroselas_20200806_0073_17.jpg</filename>
        <path>noiserandom_tomate_barroselas_20200806_0073_17.jpg</path>
        <source>
                <database>Unknown</database>
        </source>
        <size>
                <width>300</width>
                <height>300</height>
                <depth>3</depth>
        </size>
        <segmented>0</segmented>
        <object>
                <name>tomato</name>
                <pose>Unspecified</pose>
                <truncated>0</truncated>
                <difficult>0</difficult>
                <bndbox>
                        <xmin>40.0</xmin>
                        <ymin>0.0</ymin>
                        <xmax>87.0</xmax>
                        <ymax>34.0</ymax>
                </bndbox>
        </object>
        <object>
                <name>tomato</name>
                <pose>Unspecified</pose>
                <truncated>0</truncated>
                <difficult>0</difficult>
                <bndbox>
                        <xmin>106.0</xmin>
                        <ymin>166.0</ymin>
                        <xmax>158.0</xmax>
                        <ymax>228.0</ymax>
                </bndbox>
        </object>
        <object>
                <name>tomato</name>
                <pose>Unspecified</pose>
                <truncated>0</truncated>
                <difficult>0</difficult>
                <bndbox>
                        <xmin>5.0</xmin>
                        <ymin>6.0</ymin>
                        <xmax>49.0</xmax>
                        <ymax>50.0</ymax>
                </bndbox>
        </object>
        <object>
                <name>tomato</name>
                <pose>Unspecified</pose>
                <truncated>0</truncated>
                <difficult>0</difficult>
                <bndbox>
                        <xmin>28.0</xmin>
                        <ymin>162.0</ymin>
                        <xmax>77.0</xmax>
                        <ymax>215.0</ymax>
                </bndbox>
        </object>
        <object>
                <name>tomato</name>
                <pose>Unspecified</pose>
                <truncated>0</truncated>
                <difficult>0</difficult>
                <bndbox>
                        <xmin>247.0</xmin>
                        <ymin>177.0</ymin>
                        <xmax>289.0</xmax>
                        <ymax>231.0</ymax>
                </bndbox>
        </object>
        <object>
                <name>tomato</name>
                <pose>Unspecified</pose>
                <truncated>0</truncated>
                <difficult>0</difficult>
                <bndbox>
                        <xmin>58.0</xmin>
                        <ymin>184.0</ymin>
                        <xmax>112.0</xmax>
                        <ymax>248.0</ymax>
                </bndbox>
        </object>
        <object>
                <name>tomato</name>
                <pose>Unspecified</pose>
                <truncated>0</truncated>
                <difficult>0</difficult>
                <bndbox>
                        <xmin>255.0</xmin>
                        <ymin>36.0</ymin>
                        <xmax>294.0</xmax>
                        <ymax>84.0</ymax>
                </bndbox>
        </object>
        <object>
                <name>tomato</name>
                <pose>Unspecified</pose>
                <truncated>0</truncated>
                <difficult>0</difficult>
                <bndbox>
                        <xmin>242.0</xmin>
                        <ymin>0.0</ymin>
                        <xmax>282.0</xmax>
                        <ymax>46.0</ymax>
                </bndbox>
        </object>
</annotation>
