<annotation>
        <folder>VineDataset</folder>
        <filename>noiserandom_tomate_barroselas_20200806_0079_13.jpg</filename>
        <path>noiserandom_tomate_barroselas_20200806_0079_13.jpg</path>
        <source>
                <database>Unknown</database>
        </source>
        <size>
                <width>300</width>
                <height>300</height>
                <depth>3</depth>
        </size>
        <segmented>0</segmented>
        <object>
                <name>tomato</name>
                <pose>Unspecified</pose>
                <truncated>0</truncated>
                <difficult>0</difficult>
                <bndbox>
                        <xmin>218.0</xmin>
                        <ymin>248.0</ymin>
                        <xmax>259.0</xmax>
                        <ymax>300.0</ymax>
                </bndbox>
        </object>
        <object>
                <name>tomato</name>
                <pose>Unspecified</pose>
                <truncated>0</truncated>
                <difficult>0</difficult>
                <bndbox>
                        <xmin>268.0</xmin>
                        <ymin>95.0</ymin>
                        <xmax>300.0</xmax>
                        <ymax>145.0</ymax>
                </bndbox>
        </object>
        <object>
                <name>tomato</name>
                <pose>Unspecified</pose>
                <truncated>0</truncated>
                <difficult>0</difficult>
                <bndbox>
                        <xmin>172.0</xmin>
                        <ymin>257.0</ymin>
                        <xmax>207.0</xmax>
                        <ymax>300.0</ymax>
                </bndbox>
        </object>
        <object>
                <name>tomato</name>
                <pose>Unspecified</pose>
                <truncated>0</truncated>
                <difficult>0</difficult>
                <bndbox>
                        <xmin>0.0</xmin>
                        <ymin>0.0</ymin>
                        <xmax>24.0</xmax>
                        <ymax>45.0</ymax>
                </bndbox>
        </object>
        <object>
                <name>tomato</name>
                <pose>Unspecified</pose>
                <truncated>0</truncated>
                <difficult>0</difficult>
                <bndbox>
                        <xmin>192.0</xmin>
                        <ymin>260.0</ymin>
                        <xmax>233.0</xmax>
                        <ymax>300.0</ymax>
                </bndbox>
        </object>
        <object>
                <name>tomato</name>
                <pose>Unspecified</pose>
                <truncated>0</truncated>
                <difficult>0</difficult>
                <bndbox>
                        <xmin>232.0</xmin>
                        <ymin>96.0</ymin>
                        <xmax>272.0</xmax>
                        <ymax>145.0</ymax>
                </bndbox>
        </object>
</annotation>
