<annotation>
        <folder>VineDataset</folder>
        <filename>randomcombination3_tomate_barroselas_20200806_0295_01.jpg</filename>
        <path>randomcombination3_tomate_barroselas_20200806_0295_01.jpg</path>
        <source>
                <database>Unknown</database>
        </source>
        <size>
                <width>300</width>
                <height>300</height>
                <depth>3</depth>
        </size>
        <segmented>0</segmented>
        <object>
                <name>tomato</name>
                <pose>Unspecified</pose>
                <truncated>0</truncated>
                <difficult>0</difficult>
                <bndbox>
                        <xmin>161.8391</xmin>
                        <ymin>54.86243</ymin>
                        <xmax>227.8391</xmax>
                        <ymax>133.86243</ymax>
                </bndbox>
        </object>
        <object>
                <name>tomato</name>
                <pose>Unspecified</pose>
                <truncated>0</truncated>
                <difficult>0</difficult>
                <bndbox>
                        <xmin>205.8391</xmin>
                        <ymin>82.862434</ymin>
                        <xmax>263.83908</xmax>
                        <ymax>152.86243</ymax>
                </bndbox>
        </object>
</annotation>
