<annotation>
        <folder>VineDataset</folder>
        <filename>randomcombination3_tomate_barroselas_20200806_0092_15.jpg</filename>
        <path>randomcombination3_tomate_barroselas_20200806_0092_15.jpg</path>
        <source>
                <database>Unknown</database>
        </source>
        <size>
                <width>300</width>
                <height>300</height>
                <depth>3</depth>
        </size>
        <segmented>0</segmented>
        <object>
                <name>tomato</name>
                <pose>Unspecified</pose>
                <truncated>0</truncated>
                <difficult>0</difficult>
                <bndbox>
                        <xmin>147.32355</xmin>
                        <ymin>35.745148</ymin>
                        <xmax>203.27187</xmax>
                        <ymax>92.83789</ymax>
                </bndbox>
        </object>
        <object>
                <name>tomato</name>
                <pose>Unspecified</pose>
                <truncated>0</truncated>
                <difficult>0</difficult>
                <bndbox>
                        <xmin>114.3322</xmin>
                        <ymin>41.748672</ymin>
                        <xmax>177.8417</xmax>
                        <ymax>106.631485</ymax>
                </bndbox>
        </object>
        <object>
                <name>tomato</name>
                <pose>Unspecified</pose>
                <truncated>0</truncated>
                <difficult>0</difficult>
                <bndbox>
                        <xmin>92.947136</xmin>
                        <ymin>0.0</ymin>
                        <xmax>137.93753</xmax>
                        <ymax>0.7018487</ymax>
                </bndbox>
        </object>
</annotation>
