<annotation>
        <folder>VineDataset</folder>
        <filename>randomcombination3_tomate_barroselas_20200806_0218_08.jpg</filename>
        <path>randomcombination3_tomate_barroselas_20200806_0218_08.jpg</path>
        <source>
                <database>Unknown</database>
        </source>
        <size>
                <width>300</width>
                <height>300</height>
                <depth>3</depth>
        </size>
        <segmented>0</segmented>
        <object>
                <name>tomato</name>
                <pose>Unspecified</pose>
                <truncated>0</truncated>
                <difficult>0</difficult>
                <bndbox>
                        <xmin>131.89384</xmin>
                        <ymin>175.6855</ymin>
                        <xmax>158.81624</xmax>
                        <ymax>207.99239</ymax>
                </bndbox>
        </object>
        <object>
                <name>tomato</name>
                <pose>Unspecified</pose>
                <truncated>0</truncated>
                <difficult>0</difficult>
                <bndbox>
                        <xmin>129.50075</xmin>
                        <ymin>127.225174</ymin>
                        <xmax>177.36278</xmax>
                        <ymax>177.48033</ymax>
                </bndbox>
        </object>
        <object>
                <name>tomato</name>
                <pose>Unspecified</pose>
                <truncated>0</truncated>
                <difficult>0</difficult>
                <bndbox>
                        <xmin>127.70592</xmin>
                        <ymin>169.70274</ymin>
                        <xmax>140.2697</xmax>
                        <ymax>186.45445</ymax>
                </bndbox>
        </object>
        <object>
                <name>tomato</name>
                <pose>Unspecified</pose>
                <truncated>0</truncated>
                <difficult>0</difficult>
                <bndbox>
                        <xmin>145.65417</xmin>
                        <ymin>157.73723</ymin>
                        <xmax>174.96968</xmax>
                        <ymax>195.42859</ymax>
                </bndbox>
        </object>
</annotation>
