<annotation>
        <folder>VineDataset</folder>
        <filename>randomcombination3_tomate_barroselas_20200806_0210_05.jpg</filename>
        <path>randomcombination3_tomate_barroselas_20200806_0210_05.jpg</path>
        <source>
                <database>Unknown</database>
        </source>
        <size>
                <width>300</width>
                <height>300</height>
                <depth>3</depth>
        </size>
        <segmented>0</segmented>
        <object>
                <name>tomato</name>
                <pose>Unspecified</pose>
                <truncated>0</truncated>
                <difficult>0</difficult>
                <bndbox>
                        <xmin>254.17316</xmin>
                        <ymin>163.27698</ymin>
                        <xmax>300.0</xmax>
                        <ymax>232.72574</ymax>
                </bndbox>
        </object>
        <object>
                <name>tomato</name>
                <pose>Unspecified</pose>
                <truncated>0</truncated>
                <difficult>0</difficult>
                <bndbox>
                        <xmin>224.5553</xmin>
                        <ymin>198.00136</ymin>
                        <xmax>273.57797</xmax>
                        <ymax>252.13054</ymax>
                </bndbox>
        </object>
</annotation>
