<annotation>
        <folder>VineDataset</folder>
        <filename>randomcombination3_tomate_barroselas_20200806_0022_01.jpg</filename>
        <path>randomcombination3_tomate_barroselas_20200806_0022_01.jpg</path>
        <source>
                <database>Unknown</database>
        </source>
        <size>
                <width>300</width>
                <height>300</height>
                <depth>3</depth>
        </size>
        <segmented>0</segmented>
        <object>
                <name>tomato</name>
                <pose>Unspecified</pose>
                <truncated>0</truncated>
                <difficult>0</difficult>
                <bndbox>
                        <xmin>187.7752</xmin>
                        <ymin>133.56099</ymin>
                        <xmax>211.12276</xmax>
                        <ymax>161.52023</ymax>
                </bndbox>
        </object>
        <object>
                <name>tomato</name>
                <pose>Unspecified</pose>
                <truncated>0</truncated>
                <difficult>0</difficult>
                <bndbox>
                        <xmin>161.90074</xmin>
                        <ymin>222.31898</ymin>
                        <xmax>193.41542</xmax>
                        <ymax>257.12772</ymax>
                </bndbox>
        </object>
</annotation>
