<annotation>
	<folder>JPEGImages</folder>
	<filename>randomcombination3_tomate_barroselas_20200806_0075_16.jpg</filename>
	<path>/home/samagalhaes/Pictures/TomatoBarroselas_20201006_17h29_300x300/JPEGImages/randomcombination3_tomate_barroselas_20200806_0075_16.jpg</path>
	<source>
		<database>Unknown</database>
	</source>
	<size>
		<width>300</width>
		<height>300</height>
		<depth>3</depth>
	</size>
	<segmented>0</segmented>
	<object>
		<name>tomato</name>
		<pose>Unspecified</pose>
		<truncated>0</truncated>
		<difficult>0</difficult>
		<bndbox>
			<xmin>48</xmin>
			<ymin>33</ymin>
			<xmax>95</xmax>
			<ymax>84</ymax>
		</bndbox>
	</object>
	<object>
		<name>tomato</name>
		<pose>Unspecified</pose>
		<truncated>1</truncated>
		<difficult>0</difficult>
		<bndbox>
			<xmin>116</xmin>
			<ymin>275</ymin>
			<xmax>172</xmax>
			<ymax>300</ymax>
		</bndbox>
	</object>
</annotation>
