<annotation>
        <folder>VineDataset</folder>
        <filename>randomcombination3_tomate_barroselas_20200806_0094_03.jpg</filename>
        <path>randomcombination3_tomate_barroselas_20200806_0094_03.jpg</path>
        <source>
                <database>Unknown</database>
        </source>
        <size>
                <width>300</width>
                <height>300</height>
                <depth>3</depth>
        </size>
        <segmented>0</segmented>
        <object>
                <name>tomato</name>
                <pose>Unspecified</pose>
                <truncated>0</truncated>
                <difficult>0</difficult>
                <bndbox>
                        <xmin>148.01294</xmin>
                        <ymin>258.38467</ymin>
                        <xmax>197.37726</xmax>
                        <ymax>300.0</ymax>
                </bndbox>
        </object>
        <object>
                <name>tomato</name>
                <pose>Unspecified</pose>
                <truncated>0</truncated>
                <difficult>0</difficult>
                <bndbox>
                        <xmin>129.8507</xmin>
                        <ymin>146.37578</ymin>
                        <xmax>161.9337</xmax>
                        <ymax>182.19876</ymax>
                </bndbox>
        </object>
        <object>
                <name>tomato</name>
                <pose>Unspecified</pose>
                <truncated>0</truncated>
                <difficult>0</difficult>
                <bndbox>
                        <xmin>176.02293</xmin>
                        <ymin>68.05883</ymin>
                        <xmax>212.09799</xmax>
                        <ymax>104.13388</ymax>
                </bndbox>
        </object>
</annotation>
