<annotation>
        <folder>VineDataset</folder>
        <filename>randomcombination3_tomate_barroselas_20200806_0094_06.jpg</filename>
        <path>randomcombination3_tomate_barroselas_20200806_0094_06.jpg</path>
        <source>
                <database>Unknown</database>
        </source>
        <size>
                <width>300</width>
                <height>300</height>
                <depth>3</depth>
        </size>
        <segmented>0</segmented>
        <object>
                <name>tomato</name>
                <pose>Unspecified</pose>
                <truncated>0</truncated>
                <difficult>0</difficult>
                <bndbox>
                        <xmin>106.08717</xmin>
                        <ymin>141.80293</ymin>
                        <xmax>129.50734</xmax>
                        <ymax>164.05211</ymax>
                </bndbox>
        </object>
        <object>
                <name>tomato</name>
                <pose>Unspecified</pose>
                <truncated>0</truncated>
                <difficult>0</difficult>
                <bndbox>
                        <xmin>203.2809</xmin>
                        <ymin>171.66367</ymin>
                        <xmax>223.18805</xmax>
                        <ymax>196.25485</ymax>
                </bndbox>
        </object>
        <object>
                <name>tomato</name>
                <pose>Unspecified</pose>
                <truncated>0</truncated>
                <difficult>0</difficult>
                <bndbox>
                        <xmin>216.7475</xmin>
                        <ymin>159.95357</ymin>
                        <xmax>237.82565</xmax>
                        <ymax>186.30127</ymax>
                </bndbox>
        </object>
        <object>
                <name>tomato</name>
                <pose>Unspecified</pose>
                <truncated>0</truncated>
                <difficult>0</difficult>
                <bndbox>
                        <xmin>196.25485</xmin>
                        <ymin>85.59451</ymin>
                        <xmax>214.991</xmax>
                        <ymax>107.25818</ymax>
                </bndbox>
        </object>
        <object>
                <name>tomato</name>
                <pose>Unspecified</pose>
                <truncated>0</truncated>
                <difficult>0</difficult>
                <bndbox>
                        <xmin>202.6954</xmin>
                        <ymin>104.91616</ymin>
                        <xmax>222.01704</xmax>
                        <ymax>127.75083</ymax>
                </bndbox>
        </object>
        <object>
                <name>tomato</name>
                <pose>Unspecified</pose>
                <truncated>0</truncated>
                <difficult>0</difficult>
                <bndbox>
                        <xmin>186.88678</xmin>
                        <ymin>110.1857</ymin>
                        <xmax>205.62292</xmax>
                        <ymax>133.02037</ymax>
                </bndbox>
        </object>
        <object>
                <name>tomato</name>
                <pose>Unspecified</pose>
                <truncated>0</truncated>
                <difficult>0</difficult>
                <bndbox>
                        <xmin>91.449554</xmin>
                        <ymin>148.24348</ymin>
                        <xmax>112.52771</xmax>
                        <ymax>172.83467</ymax>
                </bndbox>
        </object>
        <object>
                <name>tomato</name>
                <pose>Unspecified</pose>
                <truncated>0</truncated>
                <difficult>0</difficult>
                <bndbox>
                        <xmin>128.33633</xmin>
                        <ymin>221.43153</ymin>
                        <xmax>148.829</xmax>
                        <ymax>237.82567</ymax>
                </bndbox>
        </object>
</annotation>
