<annotation>
        <folder>VineDataset</folder>
        <filename>randomcombination3_tomate_barroselas_20200806_0253_05.jpg</filename>
        <path>randomcombination3_tomate_barroselas_20200806_0253_05.jpg</path>
        <source>
                <database>Unknown</database>
        </source>
        <size>
                <width>300</width>
                <height>300</height>
                <depth>3</depth>
        </size>
        <segmented>0</segmented>
        <object>
                <name>tomato</name>
                <pose>Unspecified</pose>
                <truncated>0</truncated>
                <difficult>0</difficult>
                <bndbox>
                        <xmin>261.31992</xmin>
                        <ymin>109.13573</ymin>
                        <xmax>300.0</xmax>
                        <ymax>206.36452</ymax>
                </bndbox>
        </object>
        <object>
                <name>tomato</name>
                <pose>Unspecified</pose>
                <truncated>0</truncated>
                <difficult>0</difficult>
                <bndbox>
                        <xmin>175.36403</xmin>
                        <ymin>89.40814</ymin>
                        <xmax>271.18372</xmax>
                        <ymax>204.9554</ymax>
                </bndbox>
        </object>
        <object>
                <name>tomato</name>
                <pose>Unspecified</pose>
                <truncated>0</truncated>
                <difficult>0</difficult>
                <bndbox>
                        <xmin>78.13524</xmin>
                        <ymin>130.27242</ymin>
                        <xmax>200.72806</xmax>
                        <ymax>251.45613</ymax>
                </bndbox>
        </object>
</annotation>
