<annotation>
        <folder>VineDataset</folder>
        <filename>randomcombination3_tomate_barroselas_20200806_0236_12.jpg</filename>
        <path>randomcombination3_tomate_barroselas_20200806_0236_12.jpg</path>
        <source>
                <database>Unknown</database>
        </source>
        <size>
                <width>300</width>
                <height>300</height>
                <depth>3</depth>
        </size>
        <segmented>0</segmented>
        <object>
                <name>tomato</name>
                <pose>Unspecified</pose>
                <truncated>0</truncated>
                <difficult>0</difficult>
                <bndbox>
                        <xmin>88.386604</xmin>
                        <ymin>26.614029</ymin>
                        <xmax>151.3866</xmax>
                        <ymax>108.61403</ymax>
                </bndbox>
        </object>
</annotation>
