<annotation>
        <folder>VineDataset</folder>
        <filename>randomcombination3_tomate_barroselas_20200806_0084_15.jpg</filename>
        <path>randomcombination3_tomate_barroselas_20200806_0084_15.jpg</path>
        <source>
                <database>Unknown</database>
        </source>
        <size>
                <width>300</width>
                <height>300</height>
                <depth>3</depth>
        </size>
        <segmented>0</segmented>
        <object>
                <name>tomato</name>
                <pose>Unspecified</pose>
                <truncated>0</truncated>
                <difficult>0</difficult>
                <bndbox>
                        <xmin>139.20995</xmin>
                        <ymin>274.1558</ymin>
                        <xmax>182.20995</xmax>
                        <ymax>300.0</ymax>
                </bndbox>
        </object>
        <object>
                <name>tomato</name>
                <pose>Unspecified</pose>
                <truncated>0</truncated>
                <difficult>0</difficult>
                <bndbox>
                        <xmin>167.20995</xmin>
                        <ymin>97.15581</ymin>
                        <xmax>217.20995</xmax>
                        <ymax>147.1558</ymax>
                </bndbox>
        </object>
        <object>
                <name>tomato</name>
                <pose>Unspecified</pose>
                <truncated>0</truncated>
                <difficult>0</difficult>
                <bndbox>
                        <xmin>97.20994</xmin>
                        <ymin>241.1558</ymin>
                        <xmax>152.20995</xmax>
                        <ymax>300.0</ymax>
                </bndbox>
        </object>
        <object>
                <name>tomato</name>
                <pose>Unspecified</pose>
                <truncated>0</truncated>
                <difficult>0</difficult>
                <bndbox>
                        <xmin>164.20995</xmin>
                        <ymin>83.15581</ymin>
                        <xmax>194.20995</xmax>
                        <ymax>120.15581</ymax>
                </bndbox>
        </object>
        <object>
                <name>tomato</name>
                <pose>Unspecified</pose>
                <truncated>0</truncated>
                <difficult>0</difficult>
                <bndbox>
                        <xmin>165.20995</xmin>
                        <ymin>249.1558</ymin>
                        <xmax>220.20995</xmax>
                        <ymax>300.0</ymax>
                </bndbox>
        </object>
</annotation>
