<annotation>
        <folder>VineDataset</folder>
        <filename>randomcombination3_tomate_barroselas_20200806_0248_07.jpg</filename>
        <path>randomcombination3_tomate_barroselas_20200806_0248_07.jpg</path>
        <source>
                <database>Unknown</database>
        </source>
        <size>
                <width>300</width>
                <height>300</height>
                <depth>3</depth>
        </size>
        <segmented>0</segmented>
        <object>
                <name>tomato</name>
                <pose>Unspecified</pose>
                <truncated>0</truncated>
                <difficult>0</difficult>
                <bndbox>
                        <xmin>147.90596</xmin>
                        <ymin>52.124725</ymin>
                        <xmax>238.80228</xmax>
                        <ymax>144.436</ymax>
                </bndbox>
        </object>
        <object>
                <name>tomato</name>
                <pose>Unspecified</pose>
                <truncated>0</truncated>
                <difficult>0</difficult>
                <bndbox>
                        <xmin>70.32684</xmin>
                        <ymin>275.81955</ymin>
                        <xmax>108.72571</xmax>
                        <ymax>300.0</ymax>
                </bndbox>
        </object>
        <object>
                <name>tomato</name>
                <pose>Unspecified</pose>
                <truncated>0</truncated>
                <difficult>0</difficult>
                <bndbox>
                        <xmin>75.21176</xmin>
                        <ymin>229.31868</ymin>
                        <xmax>128.3549</xmax>
                        <ymax>281.87225</ymax>
                </bndbox>
        </object>
        <object>
                <name>tomato</name>
                <pose>Unspecified</pose>
                <truncated>0</truncated>
                <difficult>0</difficult>
                <bndbox>
                        <xmin>75.73386</xmin>
                        <ymin>252.3951</ymin>
                        <xmax>125.58675</xmax>
                        <ymax>300.0</ymax>
                </bndbox>
        </object>
        <object>
                <name>tomato</name>
                <pose>Unspecified</pose>
                <truncated>0</truncated>
                <difficult>0</difficult>
                <bndbox>
                        <xmin>183.92949</xmin>
                        <ymin>146.73819</ymin>
                        <xmax>273.00665</xmax>
                        <ymax>236.64075</ymax>
                </bndbox>
        </object>
        <object>
                <name>tomato</name>
                <pose>Unspecified</pose>
                <truncated>0</truncated>
                <difficult>0</difficult>
                <bndbox>
                        <xmin>194.83374</xmin>
                        <ymin>39.098747</ymin>
                        <xmax>250.32379</xmax>
                        <ymax>94.94254</ymax>
                </bndbox>
        </object>
        <object>
                <name>tomato</name>
                <pose>Unspecified</pose>
                <truncated>0</truncated>
                <difficult>0</difficult>
                <bndbox>
                        <xmin>213.57571</xmin>
                        <ymin>17.257605</ymin>
                        <xmax>276.16266</xmax>
                        <ymax>84.32529</ymax>
                </bndbox>
        </object>
</annotation>
