<annotation>
        <folder>VineDataset</folder>
        <filename>randomcombination3_tomate_barroselas_20200806_0212_03.jpg</filename>
        <path>randomcombination3_tomate_barroselas_20200806_0212_03.jpg</path>
        <source>
                <database>Unknown</database>
        </source>
        <size>
                <width>300</width>
                <height>300</height>
                <depth>3</depth>
        </size>
        <segmented>0</segmented>
        <object>
                <name>tomato</name>
                <pose>Unspecified</pose>
                <truncated>0</truncated>
                <difficult>0</difficult>
                <bndbox>
                        <xmin>154.21011</xmin>
                        <ymin>283.10922</ymin>
                        <xmax>170.77083</xmax>
                        <ymax>300.0</ymax>
                </bndbox>
        </object>
</annotation>
