<annotation>
        <folder>VineDataset</folder>
        <filename>randomcombination3_tomate_barroselas_20200806_0003_06.jpg</filename>
        <path>randomcombination3_tomate_barroselas_20200806_0003_06.jpg</path>
        <source>
                <database>Unknown</database>
        </source>
        <size>
                <width>300</width>
                <height>300</height>
                <depth>3</depth>
        </size>
        <segmented>0</segmented>
        <object>
                <name>tomato</name>
                <pose>Unspecified</pose>
                <truncated>0</truncated>
                <difficult>0</difficult>
                <bndbox>
                        <xmin>115.76297</xmin>
                        <ymin>153.87604</ymin>
                        <xmax>151.76297</xmax>
                        <ymax>187.87604</ymax>
                </bndbox>
        </object>
        <object>
                <name>tomato</name>
                <pose>Unspecified</pose>
                <truncated>0</truncated>
                <difficult>0</difficult>
                <bndbox>
                        <xmin>140.76297</xmin>
                        <ymin>139.87604</ymin>
                        <xmax>170.76297</xmax>
                        <ymax>177.87604</ymax>
                </bndbox>
        </object>
        <object>
                <name>tomato</name>
                <pose>Unspecified</pose>
                <truncated>0</truncated>
                <difficult>0</difficult>
                <bndbox>
                        <xmin>66.76297</xmin>
                        <ymin>91.87604</ymin>
                        <xmax>103.76297</xmax>
                        <ymax>140.87604</ymax>
                </bndbox>
        </object>
        <object>
                <name>tomato</name>
                <pose>Unspecified</pose>
                <truncated>0</truncated>
                <difficult>0</difficult>
                <bndbox>
                        <xmin>83.76297</xmin>
                        <ymin>109.87604</ymin>
                        <xmax>129.76297</xmax>
                        <ymax>165.87604</ymax>
                </bndbox>
        </object>
</annotation>
