<annotation>
        <folder>VineDataset</folder>
        <filename>randomcombination3_tomate_barroselas_20200806_0091_15.jpg</filename>
        <path>randomcombination3_tomate_barroselas_20200806_0091_15.jpg</path>
        <source>
                <database>Unknown</database>
        </source>
        <size>
                <width>300</width>
                <height>300</height>
                <depth>3</depth>
        </size>
        <segmented>0</segmented>
        <object>
                <name>tomato</name>
                <pose>Unspecified</pose>
                <truncated>0</truncated>
                <difficult>0</difficult>
                <bndbox>
                        <xmin>75.0</xmin>
                        <ymin>139.0</ymin>
                        <xmax>115.0</xmax>
                        <ymax>191.0</ymax>
                </bndbox>
        </object>
        <object>
                <name>tomato</name>
                <pose>Unspecified</pose>
                <truncated>0</truncated>
                <difficult>0</difficult>
                <bndbox>
                        <xmin>30.0</xmin>
                        <ymin>0.0</ymin>
                        <xmax>74.0</xmax>
                        <ymax>32.0</ymax>
                </bndbox>
        </object>
</annotation>
