<annotation>
	<folder>JPEGImages</folder>
	<filename>scalerandom_tomate_barroselas_20200806_0221_06.jpg</filename>
	<path>/home/samagalhaes/Pictures/TomatoBarroselas_20201006_17h29_300x300/JPEGImages/scalerandom_tomate_barroselas_20200806_0221_06.jpg</path>
	<source>
		<database>Unknown</database>
	</source>
	<size>
		<width>300</width>
		<height>300</height>
		<depth>3</depth>
	</size>
	<segmented>0</segmented>
	<object>
		<name>tomato</name>
		<pose>Unspecified</pose>
		<truncated>0</truncated>
		<difficult>0</difficult>
		<bndbox>
			<xmin>213</xmin>
			<ymin>16</ymin>
			<xmax>273</xmax>
			<ymax>77</ymax>
		</bndbox>
	</object>
</annotation>
