<annotation>
        <folder>VineDataset</folder>
        <filename>scalerandom_tomate_barroselas_20200806_0100_08.jpg</filename>
        <path>scalerandom_tomate_barroselas_20200806_0100_08.jpg</path>
        <source>
                <database>Unknown</database>
        </source>
        <size>
                <width>300</width>
                <height>300</height>
                <depth>3</depth>
        </size>
        <segmented>0</segmented>
        <object>
                <name>tomato</name>
                <pose>Unspecified</pose>
                <truncated>0</truncated>
                <difficult>0</difficult>
                <bndbox>
                        <xmin>188.6964</xmin>
                        <ymin>72.60721</ymin>
                        <xmax>209.85042</xmax>
                        <ymax>87.56982</ymax>
                </bndbox>
        </object>
</annotation>
