<annotation>
        <folder>VineDataset</folder>
        <filename>scalerandom_tomate_barroselas_20200806_0217_15.jpg</filename>
        <path>scalerandom_tomate_barroselas_20200806_0217_15.jpg</path>
        <source>
                <database>Unknown</database>
        </source>
        <size>
                <width>300</width>
                <height>300</height>
                <depth>3</depth>
        </size>
        <segmented>0</segmented>
        <object>
                <name>tomato</name>
                <pose>Unspecified</pose>
                <truncated>0</truncated>
                <difficult>0</difficult>
                <bndbox>
                        <xmin>250.4771</xmin>
                        <ymin>163.89577</ymin>
                        <xmax>300.0</xmax>
                        <ymax>272.9241</ymax>
                </bndbox>
        </object>
</annotation>
