<annotation>
        <folder>VineDataset</folder>
        <filename>scalerandom_tomate_barroselas_20200806_0014_17.jpg</filename>
        <path>scalerandom_tomate_barroselas_20200806_0014_17.jpg</path>
        <source>
                <database>Unknown</database>
        </source>
        <size>
                <width>300</width>
                <height>300</height>
                <depth>3</depth>
        </size>
        <segmented>0</segmented>
        <object>
                <name>tomato</name>
                <pose>Unspecified</pose>
                <truncated>0</truncated>
                <difficult>0</difficult>
                <bndbox>
                        <xmin>86.5151</xmin>
                        <ymin>195.81384</ymin>
                        <xmax>118.58479</xmax>
                        <ymax>236.39182</ymax>
                </bndbox>
        </object>
        <object>
                <name>tomato</name>
                <pose>Unspecified</pose>
                <truncated>0</truncated>
                <difficult>0</difficult>
                <bndbox>
                        <xmin>78.6613</xmin>
                        <ymin>59.68128</ymin>
                        <xmax>110.07651</xmax>
                        <ymax>91.75097</ymax>
                </bndbox>
        </object>
        <object>
                <name>tomato</name>
                <pose>Unspecified</pose>
                <truncated>0</truncated>
                <difficult>0</difficult>
                <bndbox>
                        <xmin>104.84064</xmin>
                        <ymin>230.50146</ymin>
                        <xmax>137.56482</xmax>
                        <ymax>248.17253</ymax>
                </bndbox>
        </object>
</annotation>
