<annotation>
        <folder>VineDataset</folder>
        <filename>scalerandom_tomate_barroselas_20200806_0098_05.jpg</filename>
        <path>scalerandom_tomate_barroselas_20200806_0098_05.jpg</path>
        <source>
                <database>Unknown</database>
        </source>
        <size>
                <width>300</width>
                <height>300</height>
                <depth>3</depth>
        </size>
        <segmented>0</segmented>
        <object>
                <name>tomato</name>
                <pose>Unspecified</pose>
                <truncated>0</truncated>
                <difficult>0</difficult>
                <bndbox>
                        <xmin>238.92667</xmin>
                        <ymin>64.40808</ymin>
                        <xmax>274.49734</xmax>
                        <ymax>106.64825</ymax>
                </bndbox>
        </object>
        <object>
                <name>tomato</name>
                <pose>Unspecified</pose>
                <truncated>0</truncated>
                <difficult>0</difficult>
                <bndbox>
                        <xmin>265.60468</xmin>
                        <ymin>75.52392</ymin>
                        <xmax>298.95218</xmax>
                        <ymax>116.6525</ymax>
                </bndbox>
        </object>
</annotation>
