<annotation>
        <folder>VineDataset</folder>
        <filename>scalerandom_tomate_barroselas_20200806_0232_09.jpg</filename>
        <path>scalerandom_tomate_barroselas_20200806_0232_09.jpg</path>
        <source>
                <database>Unknown</database>
        </source>
        <size>
                <width>300</width>
                <height>300</height>
                <depth>3</depth>
        </size>
        <segmented>0</segmented>
        <object>
                <name>tomato</name>
                <pose>Unspecified</pose>
                <truncated>0</truncated>
                <difficult>0</difficult>
                <bndbox>
                        <xmin>0.9569943</xmin>
                        <ymin>12.880435</ymin>
                        <xmax>35.733696</xmax>
                        <ymax>91.37642</ymax>
                </bndbox>
        </object>
        <object>
                <name>tomato</name>
                <pose>Unspecified</pose>
                <truncated>0</truncated>
                <difficult>0</difficult>
                <bndbox>
                        <xmin>21.823015</xmin>
                        <ymin>18.842155</ymin>
                        <xmax>79.45298</xmax>
                        <ymax>91.37642</ymax>
                </bndbox>
        </object>
        <object>
                <name>tomato</name>
                <pose>Unspecified</pose>
                <truncated>0</truncated>
                <difficult>0</difficult>
                <bndbox>
                        <xmin>27.784735</xmin>
                        <ymin>75.4785</ymin>
                        <xmax>76.472115</xmax>
                        <ymax>134.10208</ymax>
                </bndbox>
        </object>
</annotation>
