<annotation>
        <folder>VineDataset</folder>
        <filename>scalerandom_tomate_barroselas_20200806_0049_17.jpg</filename>
        <path>scalerandom_tomate_barroselas_20200806_0049_17.jpg</path>
        <source>
                <database>Unknown</database>
        </source>
        <size>
                <width>300</width>
                <height>300</height>
                <depth>3</depth>
        </size>
        <segmented>0</segmented>
        <object>
                <name>tomato</name>
                <pose>Unspecified</pose>
                <truncated>0</truncated>
                <difficult>0</difficult>
                <bndbox>
                        <xmin>37.277897</xmin>
                        <ymin>164.76123</ymin>
                        <xmax>89.61316</xmax>
                        <ymax>210.38684</ymax>
                </bndbox>
        </object>
        <object>
                <name>tomato</name>
                <pose>Unspecified</pose>
                <truncated>0</truncated>
                <difficult>0</difficult>
                <bndbox>
                        <xmin>274.79947</xmin>
                        <ymin>249.30281</ymin>
                        <xmax>300.0</xmax>
                        <ymax>285.5349</ymax>
                </bndbox>
        </object>
</annotation>
