<annotation>
        <folder>VineDataset</folder>
        <filename>scalerandom_tomate_barroselas_20200806_0055_07.jpg</filename>
        <path>scalerandom_tomate_barroselas_20200806_0055_07.jpg</path>
        <source>
                <database>Unknown</database>
        </source>
        <size>
                <width>300</width>
                <height>300</height>
                <depth>3</depth>
        </size>
        <segmented>0</segmented>
        <object>
                <name>tomato</name>
                <pose>Unspecified</pose>
                <truncated>0</truncated>
                <difficult>0</difficult>
                <bndbox>
                        <xmin>246.27438</xmin>
                        <ymin>227.55437</ymin>
                        <xmax>281.93155</xmax>
                        <ymax>273.9087</ymax>
                </bndbox>
        </object>
        <object>
                <name>tomato</name>
                <pose>Unspecified</pose>
                <truncated>0</truncated>
                <difficult>0</difficult>
                <bndbox>
                        <xmin>198.13719</xmin>
                        <ymin>18.068445</ymin>
                        <xmax>234.68579</xmax>
                        <ymax>51.051334</ymax>
                </bndbox>
        </object>
        <object>
                <name>tomato</name>
                <pose>Unspecified</pose>
                <truncated>0</truncated>
                <difficult>0</difficult>
                <bndbox>
                        <xmin>224.88007</xmin>
                        <ymin>17.177015</ymin>
                        <xmax>258.7544</xmax>
                        <ymax>51.942764</ymax>
                </bndbox>
        </object>
        <object>
                <name>tomato</name>
                <pose>Unspecified</pose>
                <truncated>0</truncated>
                <difficult>0</difficult>
                <bndbox>
                        <xmin>254.29724</xmin>
                        <ymin>16.285587</ymin>
                        <xmax>283.71442</xmax>
                        <ymax>56.39991</ymax>
                </bndbox>
        </object>
        <object>
                <name>tomato</name>
                <pose>Unspecified</pose>
                <truncated>0</truncated>
                <difficult>0</difficult>
                <bndbox>
                        <xmin>238.25151</xmin>
                        <ymin>136.62856</ymin>
                        <xmax>265.88583</xmax>
                        <ymax>175.85146</ymax>
                </bndbox>
        </object>
</annotation>
