<annotation>
        <folder>VineDataset</folder>
        <filename>scalerandom_tomate_barroselas_20200806_0044_00.jpg</filename>
        <path>scalerandom_tomate_barroselas_20200806_0044_00.jpg</path>
        <source>
                <database>Unknown</database>
        </source>
        <size>
                <width>300</width>
                <height>300</height>
                <depth>3</depth>
        </size>
        <segmented>0</segmented>
        <object>
                <name>tomato</name>
                <pose>Unspecified</pose>
                <truncated>0</truncated>
                <difficult>0</difficult>
                <bndbox>
                        <xmin>262.21762</xmin>
                        <ymin>248.42038</ymin>
                        <xmax>284.29324</xmax>
                        <ymax>276.0149</ymax>
                </bndbox>
        </object>
</annotation>
