<annotation>
        <folder>VineDataset</folder>
        <filename>scalerandom_tomate_barroselas_20200806_0266_05.jpg</filename>
        <path>scalerandom_tomate_barroselas_20200806_0266_05.jpg</path>
        <source>
                <database>Unknown</database>
        </source>
        <size>
                <width>300</width>
                <height>300</height>
                <depth>3</depth>
        </size>
        <segmented>0</segmented>
        <object>
                <name>tomato</name>
                <pose>Unspecified</pose>
                <truncated>0</truncated>
                <difficult>0</difficult>
                <bndbox>
                        <xmin>134.38477</xmin>
                        <ymin>118.76955</ymin>
                        <xmax>168.21776</xmax>
                        <ymax>159.10889</ymax>
                </bndbox>
        </object>
        <object>
                <name>tomato</name>
                <pose>Unspecified</pose>
                <truncated>0</truncated>
                <difficult>0</difficult>
                <bndbox>
                        <xmin>123.974625</xmin>
                        <ymin>220.26852</ymin>
                        <xmax>164.31396</xmax>
                        <ymax>247.59517</ymax>
                </bndbox>
        </object>
        <object>
                <name>tomato</name>
                <pose>Unspecified</pose>
                <truncated>0</truncated>
                <difficult>0</difficult>
                <bndbox>
                        <xmin>159.10889</xmin>
                        <ymin>98.59988</ymin>
                        <xmax>177.32664</xmax>
                        <ymax>116.16701</ymax>
                </bndbox>
        </object>
        <object>
                <name>tomato</name>
                <pose>Unspecified</pose>
                <truncated>0</truncated>
                <difficult>0</difficult>
                <bndbox>
                        <xmin>156.50635</xmin>
                        <ymin>204.00266</ymin>
                        <xmax>191.64061</xmax>
                        <ymax>246.2939</ymax>
                </bndbox>
        </object>
</annotation>
