<annotation>
        <folder>VineDataset</folder>
        <filename>scalerandom_tomate_barroselas_20200806_0163_00.jpg</filename>
        <path>scalerandom_tomate_barroselas_20200806_0163_00.jpg</path>
        <source>
                <database>Unknown</database>
        </source>
        <size>
                <width>300</width>
                <height>300</height>
                <depth>3</depth>
        </size>
        <segmented>0</segmented>
        <object>
                <name>tomato</name>
                <pose>Unspecified</pose>
                <truncated>0</truncated>
                <difficult>0</difficult>
                <bndbox>
                        <xmin>255.47183</xmin>
                        <ymin>97.264084</ymin>
                        <xmax>300.0</xmax>
                        <ymax>151.25562</ymax>
                </bndbox>
        </object>
</annotation>
