<annotation>
        <folder>VineDataset</folder>
        <filename>scalerandom_tomate_barroselas_20200806_0159_05.jpg</filename>
        <path>scalerandom_tomate_barroselas_20200806_0159_05.jpg</path>
        <source>
                <database>Unknown</database>
        </source>
        <size>
                <width>300</width>
                <height>300</height>
                <depth>3</depth>
        </size>
        <segmented>0</segmented>
        <object>
                <name>tomato</name>
                <pose>Unspecified</pose>
                <truncated>0</truncated>
                <difficult>0</difficult>
                <bndbox>
                        <xmin>176.41373</xmin>
                        <ymin>166.25461</ymin>
                        <xmax>212.98659</xmax>
                        <ymax>200.11835</ymax>
                </bndbox>
        </object>
        <object>
                <name>tomato</name>
                <pose>Unspecified</pose>
                <truncated>0</truncated>
                <difficult>0</difficult>
                <bndbox>
                        <xmin>155.4182</xmin>
                        <ymin>173.70462</ymin>
                        <xmax>182.5092</xmax>
                        <ymax>215.0184</ymax>
                </bndbox>
        </object>
        <object>
                <name>tomato</name>
                <pose>Unspecified</pose>
                <truncated>0</truncated>
                <difficult>0</difficult>
                <bndbox>
                        <xmin>118.845345</xmin>
                        <ymin>102.590744</ymin>
                        <xmax>144.5818</xmax>
                        <ymax>134.42267</ymax>
                </bndbox>
        </object>
        <object>
                <name>tomato</name>
                <pose>Unspecified</pose>
                <truncated>0</truncated>
                <difficult>0</difficult>
                <bndbox>
                        <xmin>103.9453</xmin>
                        <ymin>104.622574</ymin>
                        <xmax>122.909</xmax>
                        <ymax>124.26355</ymax>
                </bndbox>
        </object>
        <object>
                <name>tomato</name>
                <pose>Unspecified</pose>
                <truncated>0</truncated>
                <difficult>0</difficult>
                <bndbox>
                        <xmin>125.618095</xmin>
                        <ymin>187.9274</ymin>
                        <xmax>160.8364</xmax>
                        <ymax>220.4366</ymax>
                </bndbox>
        </object>
</annotation>
