<annotation>
        <folder>VineDataset</folder>
        <filename>scalerandom_tomate_barroselas_20200806_0267_06.jpg</filename>
        <path>scalerandom_tomate_barroselas_20200806_0267_06.jpg</path>
        <source>
                <database>Unknown</database>
        </source>
        <size>
                <width>300</width>
                <height>300</height>
                <depth>3</depth>
        </size>
        <segmented>0</segmented>
        <object>
                <name>tomato</name>
                <pose>Unspecified</pose>
                <truncated>0</truncated>
                <difficult>0</difficult>
                <bndbox>
                        <xmin>171.01819</xmin>
                        <ymin>162.45522</ymin>
                        <xmax>216.16835</xmax>
                        <ymax>213.05455</ymax>
                </bndbox>
        </object>
        <object>
                <name>tomato</name>
                <pose>Unspecified</pose>
                <truncated>0</truncated>
                <difficult>0</difficult>
                <bndbox>
                        <xmin>133.65253</xmin>
                        <ymin>174.91043</ymin>
                        <xmax>183.4734</xmax>
                        <ymax>231.73737</ymax>
                </bndbox>
        </object>
</annotation>
