<annotation>
        <folder>VineDataset</folder>
        <filename>scalerandom_tomate_barroselas_20200806_0259_12.jpg</filename>
        <path>scalerandom_tomate_barroselas_20200806_0259_12.jpg</path>
        <source>
                <database>Unknown</database>
        </source>
        <size>
                <width>300</width>
                <height>300</height>
                <depth>3</depth>
        </size>
        <segmented>0</segmented>
        <object>
                <name>tomato</name>
                <pose>Unspecified</pose>
                <truncated>0</truncated>
                <difficult>0</difficult>
                <bndbox>
                        <xmin>171.0339</xmin>
                        <ymin>28.650507</ymin>
                        <xmax>229.28166</xmax>
                        <ymax>72.33633</ymax>
                </bndbox>
        </object>
        <object>
                <name>tomato</name>
                <pose>Unspecified</pose>
                <truncated>0</truncated>
                <difficult>0</difficult>
                <bndbox>
                        <xmin>45.639435</xmin>
                        <ymin>143.52803</ymin>
                        <xmax>88.51626</xmax>
                        <ymax>188.02284</ymax>
                </bndbox>
        </object>
</annotation>
