<annotation>
        <folder>VineDataset</folder>
        <filename>scalerandom_tomate_barroselas_20200806_0034_13.jpg</filename>
        <path>scalerandom_tomate_barroselas_20200806_0034_13.jpg</path>
        <source>
                <database>Unknown</database>
        </source>
        <size>
                <width>300</width>
                <height>300</height>
                <depth>3</depth>
        </size>
        <segmented>0</segmented>
        <object>
                <name>tomato</name>
                <pose>Unspecified</pose>
                <truncated>0</truncated>
                <difficult>0</difficult>
                <bndbox>
                        <xmin>194.26942</xmin>
                        <ymin>171.42068</ymin>
                        <xmax>221.40228</xmax>
                        <ymax>202.83769</ymax>
                </bndbox>
        </object>
        <object>
                <name>tomato</name>
                <pose>Unspecified</pose>
                <truncated>0</truncated>
                <difficult>0</difficult>
                <bndbox>
                        <xmin>141.43173</xmin>
                        <ymin>84.3099</ymin>
                        <xmax>184.2731</xmax>
                        <ymax>145.71587</ymax>
                </bndbox>
        </object>
        <object>
                <name>tomato</name>
                <pose>Unspecified</pose>
                <truncated>0</truncated>
                <difficult>0</difficult>
                <bndbox>
                        <xmin>98.590355</xmin>
                        <ymin>71.45748</ymin>
                        <xmax>152.8561</xmax>
                        <ymax>124.29517</ymax>
                </bndbox>
        </object>
</annotation>
