<annotation>
        <folder>VineDataset</folder>
        <filename>scalerandom_tomate_barroselas_20200806_0116_07.jpg</filename>
        <path>scalerandom_tomate_barroselas_20200806_0116_07.jpg</path>
        <source>
                <database>Unknown</database>
        </source>
        <size>
                <width>300</width>
                <height>300</height>
                <depth>3</depth>
        </size>
        <segmented>0</segmented>
        <object>
                <name>tomato</name>
                <pose>Unspecified</pose>
                <truncated>0</truncated>
                <difficult>0</difficult>
                <bndbox>
                        <xmin>5.3440986</xmin>
                        <ymin>85.36651</ymin>
                        <xmax>33.044167</xmax>
                        <ymax>132.55922</ymax>
                </bndbox>
        </object>
        <object>
                <name>tomato</name>
                <pose>Unspecified</pose>
                <truncated>0</truncated>
                <difficult>0</difficult>
                <bndbox>
                        <xmin>157.1815</xmin>
                        <ymin>179.75192</ymin>
                        <xmax>198.21863</xmax>
                        <ymax>224.89278</ymax>
                </bndbox>
        </object>
        <object>
                <name>tomato</name>
                <pose>Unspecified</pose>
                <truncated>0</truncated>
                <difficult>0</difficult>
                <bndbox>
                        <xmin>0.2144568</xmin>
                        <ymin>232.07426</ymin>
                        <xmax>34.070095</xmax>
                        <ymax>276.18918</ymax>
                </bndbox>
        </object>
        <object>
                <name>tomato</name>
                <pose>Unspecified</pose>
                <truncated>0</truncated>
                <difficult>0</difficult>
                <bndbox>
                        <xmin>144.87036</xmin>
                        <ymin>221.81499</ymin>
                        <xmax>183.85564</xmax>
                        <ymax>270.03363</ymax>
                </bndbox>
        </object>
        <object>
                <name>tomato</name>
                <pose>Unspecified</pose>
                <truncated>0</truncated>
                <difficult>0</difficult>
                <bndbox>
                        <xmin>106.91101</xmin>
                        <ymin>210.52977</ymin>
                        <xmax>152.05185</xmax>
                        <ymax>259.77432</ymax>
                </bndbox>
        </object>
</annotation>
