<annotation>
        <folder>VineDataset</folder>
        <filename>scalerandom_tomate_barroselas_20200806_0174_08.jpg</filename>
        <path>scalerandom_tomate_barroselas_20200806_0174_08.jpg</path>
        <source>
                <database>Unknown</database>
        </source>
        <size>
                <width>300</width>
                <height>300</height>
                <depth>3</depth>
        </size>
        <segmented>0</segmented>
        <object>
                <name>tomato</name>
                <pose>Unspecified</pose>
                <truncated>0</truncated>
                <difficult>0</difficult>
                <bndbox>
                        <xmin>194.00835</xmin>
                        <ymin>73.2675</ymin>
                        <xmax>267.3556</xmax>
                        <ymax>160.15578</ymax>
                </bndbox>
        </object>
        <object>
                <name>tomato</name>
                <pose>Unspecified</pose>
                <truncated>0</truncated>
                <difficult>0</difficult>
                <bndbox>
                        <xmin>90.193794</xmin>
                        <ymin>0.0</ymin>
                        <xmax>156.77051</xmax>
                        <ymax>59.72648</ymax>
                </bndbox>
        </object>
        <object>
                <name>tomato</name>
                <pose>Unspecified</pose>
                <truncated>0</truncated>
                <difficult>0</difficult>
                <bndbox>
                        <xmin>115.01901</xmin>
                        <ymin>270.74084</ymin>
                        <xmax>190.6231</xmax>
                        <ymax>300.0</ymax>
                </bndbox>
        </object>
        <object>
                <name>tomato</name>
                <pose>Unspecified</pose>
                <truncated>0</truncated>
                <difficult>0</difficult>
                <bndbox>
                        <xmin>104.863235</xmin>
                        <ymin>89.06537</ymin>
                        <xmax>186.1094</xmax>
                        <ymax>190.6231</ymax>
                </bndbox>
        </object>
</annotation>
