<annotation>
        <folder>VineDataset</folder>
        <filename>scalerandom_tomate_barroselas_20200806_0293_09.jpg</filename>
        <path>scalerandom_tomate_barroselas_20200806_0293_09.jpg</path>
        <source>
                <database>Unknown</database>
        </source>
        <size>
                <width>300</width>
                <height>300</height>
                <depth>3</depth>
        </size>
        <segmented>0</segmented>
        <object>
                <name>tomato</name>
                <pose>Unspecified</pose>
                <truncated>0</truncated>
                <difficult>0</difficult>
                <bndbox>
                        <xmin>74.10441</xmin>
                        <ymin>125.41411</ymin>
                        <xmax>108.84535</xmax>
                        <ymax>172.448</ymax>
                </bndbox>
        </object>
        <object>
                <name>tomato</name>
                <pose>Unspecified</pose>
                <truncated>0</truncated>
                <difficult>0</difficult>
                <bndbox>
                        <xmin>69.828606</xmin>
                        <ymin>113.121155</ymin>
                        <xmax>90.13869</xmax>
                        <ymax>137.70705</ymax>
                </bndbox>
        </object>
        <object>
                <name>tomato</name>
                <pose>Unspecified</pose>
                <truncated>0</truncated>
                <difficult>0</difficult>
                <bndbox>
                        <xmin>97.62135</xmin>
                        <ymin>107.7764</ymin>
                        <xmax>134.5002</xmax>
                        <ymax>144.65524</ymax>
                </bndbox>
        </object>
</annotation>
