<annotation>
        <folder>VineDataset</folder>
        <filename>scalerandom_tomate_barroselas_20200806_0097_16.jpg</filename>
        <path>scalerandom_tomate_barroselas_20200806_0097_16.jpg</path>
        <source>
                <database>Unknown</database>
        </source>
        <size>
                <width>300</width>
                <height>300</height>
                <depth>3</depth>
        </size>
        <segmented>0</segmented>
        <object>
                <name>tomato</name>
                <pose>Unspecified</pose>
                <truncated>0</truncated>
                <difficult>0</difficult>
                <bndbox>
                        <xmin>96.256744</xmin>
                        <ymin>73.71925</ymin>
                        <xmax>138.73125</xmax>
                        <ymax>122.26155</ymax>
                </bndbox>
        </object>
</annotation>
