<annotation>
        <folder>VineDataset</folder>
        <filename>scalerandom_tomate_barroselas_20200806_0071_08.jpg</filename>
        <path>scalerandom_tomate_barroselas_20200806_0071_08.jpg</path>
        <source>
                <database>Unknown</database>
        </source>
        <size>
                <width>300</width>
                <height>300</height>
                <depth>3</depth>
        </size>
        <segmented>0</segmented>
        <object>
                <name>tomato</name>
                <pose>Unspecified</pose>
                <truncated>0</truncated>
                <difficult>0</difficult>
                <bndbox>
                        <xmin>224.27348</xmin>
                        <ymin>197.53503</ymin>
                        <xmax>286.6632</xmax>
                        <ymax>277.7504</ymax>
                </bndbox>
        </object>
        <object>
                <name>tomato</name>
                <pose>Unspecified</pose>
                <truncated>0</truncated>
                <difficult>0</difficult>
                <bndbox>
                        <xmin>170.79657</xmin>
                        <ymin>188.62221</ymin>
                        <xmax>236.15724</xmax>
                        <ymax>264.38116</ymax>
                </bndbox>
        </object>
        <object>
                <name>tomato</name>
                <pose>Unspecified</pose>
                <truncated>0</truncated>
                <difficult>0</difficult>
                <bndbox>
                        <xmin>136.63077</xmin>
                        <ymin>118.80514</ymin>
                        <xmax>196.04956</xmax>
                        <ymax>178.22392</ymax>
                </bndbox>
        </object>
</annotation>
