<annotation>
        <folder>VineDataset</folder>
        <filename>scalerandom_tomate_barroselas_20200806_0033_14.jpg</filename>
        <path>scalerandom_tomate_barroselas_20200806_0033_14.jpg</path>
        <source>
                <database>Unknown</database>
        </source>
        <size>
                <width>300</width>
                <height>300</height>
                <depth>3</depth>
        </size>
        <segmented>0</segmented>
        <object>
                <name>tomato</name>
                <pose>Unspecified</pose>
                <truncated>0</truncated>
                <difficult>0</difficult>
                <bndbox>
                        <xmin>57.434113</xmin>
                        <ymin>116.41415</ymin>
                        <xmax>86.92413</xmax>
                        <ymax>146.72333</ymax>
                </bndbox>
        </object>
</annotation>
