<annotation>
        <folder>VineDataset</folder>
        <filename>scalerandom_tomate_barroselas_20200806_0281_04.jpg</filename>
        <path>scalerandom_tomate_barroselas_20200806_0281_04.jpg</path>
        <source>
                <database>Unknown</database>
        </source>
        <size>
                <width>300</width>
                <height>300</height>
                <depth>3</depth>
        </size>
        <segmented>0</segmented>
        <object>
                <name>tomato</name>
                <pose>Unspecified</pose>
                <truncated>0</truncated>
                <difficult>0</difficult>
                <bndbox>
                        <xmin>80.17508</xmin>
                        <ymin>16.475153</ymin>
                        <xmax>120.60004</xmax>
                        <ymax>59.350105</ymax>
                </bndbox>
        </object>
        <object>
                <name>tomato</name>
                <pose>Unspecified</pose>
                <truncated>0</truncated>
                <difficult>0</difficult>
                <bndbox>
                        <xmin>251.67488</xmin>
                        <ymin>206.34993</ymin>
                        <xmax>300.0</xmax>
                        <ymax>256.5749</ymax>
                </bndbox>
        </object>
        <object>
                <name>tomato</name>
                <pose>Unspecified</pose>
                <truncated>0</truncated>
                <difficult>0</difficult>
                <bndbox>
                        <xmin>159.79999</xmin>
                        <ymin>92.425064</ymin>
                        <xmax>206.34993</xmax>
                        <ymax>141.425</ymax>
                </bndbox>
        </object>
        <object>
                <name>tomato</name>
                <pose>Unspecified</pose>
                <truncated>0</truncated>
                <difficult>0</difficult>
                <bndbox>
                        <xmin>85.07507</xmin>
                        <ymin>120.60004</ymin>
                        <xmax>132.85002</xmax>
                        <ymax>183.07497</ymax>
                </bndbox>
        </object>
        <object>
                <name>tomato</name>
                <pose>Unspecified</pose>
                <truncated>0</truncated>
                <difficult>0</difficult>
                <bndbox>
                        <xmin>112.02505</xmin>
                        <ymin>141.425</ymin>
                        <xmax>175.72498</xmax>
                        <ymax>233.29991</ymax>
                </bndbox>
        </object>
        <object>
                <name>tomato</name>
                <pose>Unspecified</pose>
                <truncated>0</truncated>
                <difficult>0</difficult>
                <bndbox>
                        <xmin>169.59998</xmin>
                        <ymin>158.575</ymin>
                        <xmax>235.74991</xmax>
                        <ymax>256.5749</ymax>
                </bndbox>
        </object>
</annotation>
