<annotation>
        <folder>VineDataset</folder>
        <filename>scalerandom_tomate_barroselas_20200806_0071_15.jpg</filename>
        <path>scalerandom_tomate_barroselas_20200806_0071_15.jpg</path>
        <source>
                <database>Unknown</database>
        </source>
        <size>
                <width>300</width>
                <height>300</height>
                <depth>3</depth>
        </size>
        <segmented>0</segmented>
        <object>
                <name>tomato</name>
                <pose>Unspecified</pose>
                <truncated>0</truncated>
                <difficult>0</difficult>
                <bndbox>
                        <xmin>214.74457</xmin>
                        <ymin>207.85684</ymin>
                        <xmax>278.11157</xmax>
                        <ymax>275.3565</ymax>
                </bndbox>
        </object>
        <object>
                <name>tomato</name>
                <pose>Unspecified</pose>
                <truncated>0</truncated>
                <difficult>0</difficult>
                <bndbox>
                        <xmin>253.3158</xmin>
                        <ymin>0.0</ymin>
                        <xmax>300.0</xmax>
                        <ymax>57.704556</ymax>
                </bndbox>
        </object>
        <object>
                <name>tomato</name>
                <pose>Unspecified</pose>
                <truncated>0</truncated>
                <difficult>0</difficult>
                <bndbox>
                        <xmin>269.8463</xmin>
                        <ymin>205.10176</ymin>
                        <xmax>300.0</xmax>
                        <ymax>280.86667</ymax>
                </bndbox>
        </object>
</annotation>
