<annotation>
        <folder>VineDataset</folder>
        <filename>scalerandom_tomate_barroselas_20200806_0082_09.jpg</filename>
        <path>scalerandom_tomate_barroselas_20200806_0082_09.jpg</path>
        <source>
                <database>Unknown</database>
        </source>
        <size>
                <width>300</width>
                <height>300</height>
                <depth>3</depth>
        </size>
        <segmented>0</segmented>
        <object>
                <name>tomato</name>
                <pose>Unspecified</pose>
                <truncated>0</truncated>
                <difficult>0</difficult>
                <bndbox>
                        <xmin>154.3887</xmin>
                        <ymin>137.56532</ymin>
                        <xmax>177.79515</xmax>
                        <ymax>168.28629</ymax>
                </bndbox>
        </object>
        <object>
                <name>tomato</name>
                <pose>Unspecified</pose>
                <truncated>0</truncated>
                <difficult>0</difficult>
                <bndbox>
                        <xmin>163.16612</xmin>
                        <ymin>216.56207</ymin>
                        <xmax>176.33224</xmax>
                        <ymax>243.62576</ymax>
                </bndbox>
        </object>
        <object>
                <name>tomato</name>
                <pose>Unspecified</pose>
                <truncated>0</truncated>
                <difficult>0</difficult>
                <bndbox>
                        <xmin>159.50887</xmin>
                        <ymin>206.32175</ymin>
                        <xmax>174.1379</xmax>
                        <ymax>224.60803</ymax>
                </bndbox>
        </object>
        <object>
                <name>tomato</name>
                <pose>Unspecified</pose>
                <truncated>0</truncated>
                <difficult>0</difficult>
                <bndbox>
                        <xmin>144.14839</xmin>
                        <ymin>119.279045</ymin>
                        <xmax>166.09193</xmax>
                        <ymax>147.80565</ymax>
                </bndbox>
        </object>
</annotation>
