<annotation>
        <folder>VineDataset</folder>
        <filename>scalerandom_tomate_barroselas_20200806_0113_00.jpg</filename>
        <path>scalerandom_tomate_barroselas_20200806_0113_00.jpg</path>
        <source>
                <database>Unknown</database>
        </source>
        <size>
                <width>300</width>
                <height>300</height>
                <depth>3</depth>
        </size>
        <segmented>0</segmented>
        <object>
                <name>tomato</name>
                <pose>Unspecified</pose>
                <truncated>0</truncated>
                <difficult>0</difficult>
                <bndbox>
                        <xmin>250.67201</xmin>
                        <ymin>147.24187</ymin>
                        <xmax>300.0</xmax>
                        <ymax>212.05809</ymax>
                </bndbox>
        </object>
        <object>
                <name>tomato</name>
                <pose>Unspecified</pose>
                <truncated>0</truncated>
                <difficult>0</difficult>
                <bndbox>
                        <xmin>178.96045</xmin>
                        <ymin>161.03255</ymin>
                        <xmax>234.1232</xmax>
                        <ymax>203.78368</ymax>
                </bndbox>
        </object>
</annotation>
