<annotation>
        <folder>VineDataset</folder>
        <filename>scalerandom_tomate_barroselas_20200806_0173_13.jpg</filename>
        <path>scalerandom_tomate_barroselas_20200806_0173_13.jpg</path>
        <source>
                <database>Unknown</database>
        </source>
        <size>
                <width>300</width>
                <height>300</height>
                <depth>3</depth>
        </size>
        <segmented>0</segmented>
        <object>
                <name>tomato</name>
                <pose>Unspecified</pose>
                <truncated>0</truncated>
                <difficult>0</difficult>
                <bndbox>
                        <xmin>0.0</xmin>
                        <ymin>156.21255</ymin>
                        <xmax>35.688984</xmax>
                        <ymax>259.34097</ymax>
                </bndbox>
        </object>
</annotation>
