<annotation>
        <folder>VineDataset</folder>
        <filename>scalerandom_tomate_barroselas_20200806_0048_08.jpg</filename>
        <path>scalerandom_tomate_barroselas_20200806_0048_08.jpg</path>
        <source>
                <database>Unknown</database>
        </source>
        <size>
                <width>300</width>
                <height>300</height>
                <depth>3</depth>
        </size>
        <segmented>0</segmented>
        <object>
                <name>tomato</name>
                <pose>Unspecified</pose>
                <truncated>0</truncated>
                <difficult>0</difficult>
                <bndbox>
                        <xmin>133.87762</xmin>
                        <ymin>51.06724</ymin>
                        <xmax>150.73283</xmax>
                        <ymax>70.12096</ymax>
                </bndbox>
        </object>
        <object>
                <name>tomato</name>
                <pose>Unspecified</pose>
                <truncated>0</truncated>
                <difficult>0</difficult>
                <bndbox>
                        <xmin>139.00748</xmin>
                        <ymin>64.25828</ymin>
                        <xmax>166.12238</xmax>
                        <ymax>100.90004</ymax>
                </bndbox>
        </object>
        <object>
                <name>tomato</name>
                <pose>Unspecified</pose>
                <truncated>0</truncated>
                <difficult>0</difficult>
                <bndbox>
                        <xmin>113.35824</xmin>
                        <ymin>57.66276</ymin>
                        <xmax>141.20598</xmax>
                        <ymax>92.83885</ymax>
                </bndbox>
        </object>
        <object>
                <name>tomato</name>
                <pose>Unspecified</pose>
                <truncated>0</truncated>
                <difficult>0</difficult>
                <bndbox>
                        <xmin>148.53433</xmin>
                        <ymin>101.63287</ymin>
                        <xmax>182.97758</xmax>
                        <ymax>139.00748</ymax>
                </bndbox>
        </object>
        <object>
                <name>tomato</name>
                <pose>Unspecified</pose>
                <truncated>0</truncated>
                <difficult>0</difficult>
                <bndbox>
                        <xmin>40.074715</xmin>
                        <ymin>132.41196</ymin>
                        <xmax>57.66276</xmax>
                        <ymax>162.4582</ymax>
                </bndbox>
        </object>
</annotation>
