<annotation>
        <folder>VineDataset</folder>
        <filename>scalerandom_tomate_barroselas_20200806_0173_06.jpg</filename>
        <path>scalerandom_tomate_barroselas_20200806_0173_06.jpg</path>
        <source>
                <database>Unknown</database>
        </source>
        <size>
                <width>300</width>
                <height>300</height>
                <depth>3</depth>
        </size>
        <segmented>0</segmented>
        <object>
                <name>tomato</name>
                <pose>Unspecified</pose>
                <truncated>0</truncated>
                <difficult>0</difficult>
                <bndbox>
                        <xmin>208.00365</xmin>
                        <ymin>62.11569</ymin>
                        <xmax>237.88431</xmax>
                        <ymax>83.207924</ymax>
                </bndbox>
        </object>
        <object>
                <name>tomato</name>
                <pose>Unspecified</pose>
                <truncated>0</truncated>
                <difficult>0</difficult>
                <bndbox>
                        <xmin>139.45389</xmin>
                        <ymin>123.634705</ymin>
                        <xmax>154.68716</xmax>
                        <ymax>144.14105</ymax>
                </bndbox>
        </object>
        <object>
                <name>tomato</name>
                <pose>Unspecified</pose>
                <truncated>0</truncated>
                <difficult>0</difficult>
                <bndbox>
                        <xmin>151.75769</xmin>
                        <ymin>113.674484</ymin>
                        <xmax>169.33455</xmax>
                        <ymax>130.07956</ymax>
                </bndbox>
        </object>
        <object>
                <name>tomato</name>
                <pose>Unspecified</pose>
                <truncated>0</truncated>
                <difficult>0</difficult>
                <bndbox>
                        <xmin>219.72156</xmin>
                        <ymin>119.53344</ymin>
                        <xmax>237.88431</xmax>
                        <ymax>162.8897</ymax>
                </bndbox>
        </object>
        <object>
                <name>tomato</name>
                <pose>Unspecified</pose>
                <truncated>0</truncated>
                <difficult>0</difficult>
                <bndbox>
                        <xmin>183.98193</xmin>
                        <ymin>135.9385</ymin>
                        <xmax>222.65103</xmax>
                        <ymax>176.95119</ymax>
                </bndbox>
        </object>
        <object>
                <name>tomato</name>
                <pose>Unspecified</pose>
                <truncated>0</truncated>
                <difficult>0</difficult>
                <bndbox>
                        <xmin>203.31648</xmin>
                        <ymin>122.46291</ymin>
                        <xmax>229.09589</xmax>
                        <ymax>148.82822</ymax>
                </bndbox>
        </object>
        <object>
                <name>tomato</name>
                <pose>Unspecified</pose>
                <truncated>0</truncated>
                <difficult>0</difficult>
                <bndbox>
                        <xmin>174.02171</xmin>
                        <ymin>124.806496</ymin>
                        <xmax>209.76134</xmax>
                        <ymax>161.13202</ymax>
                </bndbox>
        </object>
</annotation>
