<annotation>
        <folder>VineDataset</folder>
        <filename>scalerandom_tomate_barroselas_20200806_0133_00.jpg</filename>
        <path>scalerandom_tomate_barroselas_20200806_0133_00.jpg</path>
        <source>
                <database>Unknown</database>
        </source>
        <size>
                <width>300</width>
                <height>300</height>
                <depth>3</depth>
        </size>
        <segmented>0</segmented>
        <object>
                <name>tomato</name>
                <pose>Unspecified</pose>
                <truncated>0</truncated>
                <difficult>0</difficult>
                <bndbox>
                        <xmin>214.29495</xmin>
                        <ymin>179.41153</ymin>
                        <xmax>227.29076</xmax>
                        <ymax>193.09131</ymax>
                </bndbox>
        </object>
</annotation>
