<annotation>
        <folder>VineDataset</folder>
        <filename>scalerandom_tomate_barroselas_20200806_0004_15.jpg</filename>
        <path>scalerandom_tomate_barroselas_20200806_0004_15.jpg</path>
        <source>
                <database>Unknown</database>
        </source>
        <size>
                <width>300</width>
                <height>300</height>
                <depth>3</depth>
        </size>
        <segmented>0</segmented>
        <object>
                <name>tomato</name>
                <pose>Unspecified</pose>
                <truncated>0</truncated>
                <difficult>0</difficult>
                <bndbox>
                        <xmin>143.16637</xmin>
                        <ymin>89.3515</ymin>
                        <xmax>183.31396</xmax>
                        <ymax>140.60376</ymax>
                </bndbox>
        </object>
        <object>
                <name>tomato</name>
                <pose>Unspecified</pose>
                <truncated>0</truncated>
                <difficult>0</difficult>
                <bndbox>
                        <xmin>137.18694</xmin>
                        <ymin>256.77554</ymin>
                        <xmax>171.3551</xmax>
                        <ymax>278.13065</ymax>
                </bndbox>
        </object>
</annotation>
