<annotation>
    <folder>tomates</folder>
    <filename>tomates_2020-08-06-11-35-15_side_0143.jpg</filename>
    <path>/home/samagalhaes/Pictures/tomate_2020-08-06-11-35-15_side_split/JPEGImages/tomates_2020-08-06-11-35-15_side_0143_07.jpg</path>
    <source>
        <database>Unknown</database>
    </source>
    <size>
        <width>300</width>
        <height>300</height>
        <depth>None</depth>
    </size>
    <segmented>0</segmented>
    <object>
        <name>tomato</name>
        <pose>Unspecified</pose>
        <truncated>0</truncated>
        <difficult>0</difficult>
        <bndbox>
            <xmin>199</xmin>
            <ymin>0</ymin>
            <xmax>231</xmax>
            <ymax>29</ymax>
        </bndbox>
    </object>
    <object>
        <name>tomato</name>
        <pose>Unspecified</pose>
        <truncated>0</truncated>
        <difficult>0</difficult>
        <bndbox>
            <xmin>66</xmin>
            <ymin>125</ymin>
            <xmax>134</xmax>
            <ymax>213</ymax>
        </bndbox>
    </object>
    <object>
        <name>tomato</name>
        <pose>Unspecified</pose>
        <truncated>0</truncated>
        <difficult>0</difficult>
        <bndbox>
            <xmin>97</xmin>
            <ymin>123</ymin>
            <xmax>166</xmax>
            <ymax>210</ymax>
        </bndbox>
    </object>
</annotation>
