<annotation>
    <folder>tomates</folder>
    <filename>tomates_2020-08-06-11-35-15_side_0209.jpg</filename>
    <path>/home/samagalhaes/Pictures/tomate_2020-08-06-11-35-15_side_split/JPEGImages/tomates_2020-08-06-11-35-15_side_0209_04.jpg</path>
    <source>
        <database>Unknown</database>
    </source>
    <size>
        <width>300</width>
        <height>300</height>
        <depth>None</depth>
    </size>
    <segmented>0</segmented>
    <object>
        <name>tomato</name>
        <pose>Unspecified</pose>
        <truncated>0</truncated>
        <difficult>0</difficult>
        <bndbox>
            <xmin>128</xmin>
            <ymin>113</ymin>
            <xmax>157</xmax>
            <ymax>148</ymax>
        </bndbox>
    </object>
    <object>
        <name>tomato</name>
        <pose>Unspecified</pose>
        <truncated>0</truncated>
        <difficult>0</difficult>
        <bndbox>
            <xmin>112</xmin>
            <ymin>30</ymin>
            <xmax>135</xmax>
            <ymax>57</ymax>
        </bndbox>
    </object>
    <object>
        <name>tomato</name>
        <pose>Unspecified</pose>
        <truncated>0</truncated>
        <difficult>0</difficult>
        <bndbox>
            <xmin>143</xmin>
            <ymin>124</ymin>
            <xmax>166</xmax>
            <ymax>152</ymax>
        </bndbox>
    </object>
</annotation>
