<annotation>
    <folder>tomate</folder>
    <filename>tomate_barroselas_20200806_0067.jpg</filename>
    <path>/home/samagalhaes/Pictures/TomatoBarroselas_20201006_17h29_split/JPEGImages/tomate_barroselas_20200806_0067_05.jpg</path>
    <source>
        <database>Unknown</database>
    </source>
    <size>
        <width>300</width>
        <height>300</height>
        <depth>None</depth>
    </size>
    <segmented>0</segmented>
    <object>
        <name>tomato</name>
        <pose>Unspecified</pose>
        <truncated>0</truncated>
        <difficult>0</difficult>
        <bndbox>
            <xmin>249</xmin>
            <ymin>117</ymin>
            <xmax>272</xmax>
            <ymax>143</ymax>
        </bndbox>
    </object>
    <object>
        <name>tomato</name>
        <pose>Unspecified</pose>
        <truncated>0</truncated>
        <difficult>0</difficult>
        <bndbox>
            <xmin>231</xmin>
            <ymin>118</ymin>
            <xmax>253</xmax>
            <ymax>140</ymax>
        </bndbox>
    </object>
    <object>
        <name>tomato</name>
        <pose>Unspecified</pose>
        <truncated>0</truncated>
        <difficult>0</difficult>
        <bndbox>
            <xmin>79</xmin>
            <ymin>165</ymin>
            <xmax>100</xmax>
            <ymax>185</ymax>
        </bndbox>
    </object>
    <object>
        <name>tomato</name>
        <pose>Unspecified</pose>
        <truncated>0</truncated>
        <difficult>0</difficult>
        <bndbox>
            <xmin>81</xmin>
            <ymin>147</ymin>
            <xmax>102</xmax>
            <ymax>167</ymax>
        </bndbox>
    </object>
</annotation>
