<annotation>
    <folder>tomate</folder>
    <filename>tomate_barroselas_20200806_0096.jpg</filename>
    <path>/home/samagalhaes/Pictures/TomatoBarroselas_20201006_17h29_split/JPEGImages/tomate_barroselas_20200806_0096_13.jpg</path>
    <source>
        <database>Unknown</database>
    </source>
    <size>
        <width>300</width>
        <height>300</height>
        <depth>None</depth>
    </size>
    <segmented>0</segmented>
    <object>
        <name>tomato</name>
        <pose>Unspecified</pose>
        <truncated>0</truncated>
        <difficult>0</difficult>
        <bndbox>
            <xmin>94</xmin>
            <ymin>167</ymin>
            <xmax>131</xmax>
            <ymax>215</ymax>
        </bndbox>
    </object>
    <object>
        <name>tomato</name>
        <pose>Unspecified</pose>
        <truncated>0</truncated>
        <difficult>0</difficult>
        <bndbox>
            <xmin>175</xmin>
            <ymin>33</ymin>
            <xmax>206</xmax>
            <ymax>69</ymax>
        </bndbox>
    </object>
    <object>
        <name>tomato</name>
        <pose>Unspecified</pose>
        <truncated>0</truncated>
        <difficult>0</difficult>
        <bndbox>
            <xmin>153</xmin>
            <ymin>50</ymin>
            <xmax>181</xmax>
            <ymax>88</ymax>
        </bndbox>
    </object>
    <object>
        <name>tomato</name>
        <pose>Unspecified</pose>
        <truncated>0</truncated>
        <difficult>0</difficult>
        <bndbox>
            <xmin>125</xmin>
            <ymin>65</ymin>
            <xmax>156</xmax>
            <ymax>99</ymax>
        </bndbox>
    </object>
    <object>
        <name>tomato</name>
        <pose>Unspecified</pose>
        <truncated>0</truncated>
        <difficult>0</difficult>
        <bndbox>
            <xmin>108</xmin>
            <ymin>48</ymin>
            <xmax>138</xmax>
            <ymax>83</ymax>
        </bndbox>
    </object>
</annotation>
