<annotation>
    <folder>tomates</folder>
    <filename>tomates_2020-08-06-11-35-15_side_0208.jpg</filename>
    <path>/home/samagalhaes/Pictures/tomate_2020-08-06-11-35-15_side_split/JPEGImages/tomates_2020-08-06-11-35-15_side_0208_10.jpg</path>
    <source>
        <database>Unknown</database>
    </source>
    <size>
        <width>300</width>
        <height>300</height>
        <depth>None</depth>
    </size>
    <segmented>0</segmented>
    <object>
        <name>tomato</name>
        <pose>Unspecified</pose>
        <truncated>0</truncated>
        <difficult>0</difficult>
        <bndbox>
            <xmin>232</xmin>
            <ymin>32</ymin>
            <xmax>253</xmax>
            <ymax>56</ymax>
        </bndbox>
    </object>
    <object>
        <name>tomato</name>
        <pose>Unspecified</pose>
        <truncated>0</truncated>
        <difficult>0</difficult>
        <bndbox>
            <xmin>0</xmin>
            <ymin>171</ymin>
            <xmax>33</xmax>
            <ymax>204</ymax>
        </bndbox>
    </object>
    <object>
        <name>tomato</name>
        <pose>Unspecified</pose>
        <truncated>0</truncated>
        <difficult>0</difficult>
        <bndbox>
            <xmin>64</xmin>
            <ymin>177</ymin>
            <xmax>89</xmax>
            <ymax>204</ymax>
        </bndbox>
    </object>
    <object>
        <name>tomato</name>
        <pose>Unspecified</pose>
        <truncated>0</truncated>
        <difficult>0</difficult>
        <bndbox>
            <xmin>251</xmin>
            <ymin>0</ymin>
            <xmax>279</xmax>
            <ymax>26</ymax>
        </bndbox>
    </object>
    <object>
        <name>tomato</name>
        <pose>Unspecified</pose>
        <truncated>0</truncated>
        <difficult>0</difficult>
        <bndbox>
            <xmin>46</xmin>
            <ymin>34</ymin>
            <xmax>70</xmax>
            <ymax>61</ymax>
        </bndbox>
    </object>
    <object>
        <name>tomato</name>
        <pose>Unspecified</pose>
        <truncated>0</truncated>
        <difficult>0</difficult>
        <bndbox>
            <xmin>28</xmin>
            <ymin>36</ymin>
            <xmax>52</xmax>
            <ymax>65</ymax>
        </bndbox>
    </object>
</annotation>
