<annotation>
    <folder>tomate</folder>
    <filename>tomate_barroselas_20200806_0127.jpg</filename>
    <path>/home/samagalhaes/Pictures/TomatoBarroselas_20201006_17h29_split/JPEGImages/tomate_barroselas_20200806_0127_09.jpg</path>
    <source>
        <database>Unknown</database>
    </source>
    <size>
        <width>300</width>
        <height>300</height>
        <depth>None</depth>
    </size>
    <segmented>0</segmented>
    <object>
        <name>tomato</name>
        <pose>Unspecified</pose>
        <truncated>0</truncated>
        <difficult>0</difficult>
        <bndbox>
            <xmin>132</xmin>
            <ymin>67</ymin>
            <xmax>171</xmax>
            <ymax>117</ymax>
        </bndbox>
    </object>
    <object>
        <name>tomato</name>
        <pose>Unspecified</pose>
        <truncated>0</truncated>
        <difficult>0</difficult>
        <bndbox>
            <xmin>0</xmin>
            <ymin>118</ymin>
            <xmax>28</xmax>
            <ymax>159</ymax>
        </bndbox>
    </object>
</annotation>
