<annotation>
    <folder>tomate</folder>
    <filename>tomate_barroselas_20200806_0078.jpg</filename>
    <path>/home/samagalhaes/Pictures/TomatoBarroselas_20201006_17h29_split/JPEGImages/tomate_barroselas_20200806_0078_17.jpg</path>
    <source>
        <database>Unknown</database>
    </source>
    <size>
        <width>300</width>
        <height>300</height>
        <depth>None</depth>
    </size>
    <segmented>0</segmented>
    <object>
        <name>tomato</name>
        <pose>Unspecified</pose>
        <truncated>0</truncated>
        <difficult>0</difficult>
        <bndbox>
            <xmin>221</xmin>
            <ymin>231</ymin>
            <xmax>243</xmax>
            <ymax>259</ymax>
        </bndbox>
    </object>
    <object>
        <name>tomato</name>
        <pose>Unspecified</pose>
        <truncated>0</truncated>
        <difficult>0</difficult>
        <bndbox>
            <xmin>241</xmin>
            <ymin>228</ymin>
            <xmax>268</xmax>
            <ymax>264</ymax>
        </bndbox>
    </object>
</annotation>
