<annotation>
    <folder>tomates</folder>
    <filename>tomates_2020-08-06-11-35-15_side_0086.jpg</filename>
    <path>/home/samagalhaes/Pictures/tomate_2020-08-06-11-35-15_side_split/JPEGImages/tomates_2020-08-06-11-35-15_side_0086_06.jpg</path>
    <source>
        <database>Unknown</database>
    </source>
    <size>
        <width>300</width>
        <height>300</height>
        <depth>None</depth>
    </size>
    <segmented>0</segmented>
    <object>
        <name>tomato</name>
        <pose>Unspecified</pose>
        <truncated>0</truncated>
        <difficult>0</difficult>
        <bndbox>
            <xmin>141</xmin>
            <ymin>187</ymin>
            <xmax>173</xmax>
            <ymax>222</ymax>
        </bndbox>
    </object>
</annotation>
