<annotation>
    <folder>tomate</folder>
    <filename>tomate_barroselas_20200806_0111.jpg</filename>
    <path>/home/samagalhaes/Pictures/TomatoBarroselas_20201006_17h29_split/JPEGImages/tomate_barroselas_20200806_0111_02.jpg</path>
    <source>
        <database>Unknown</database>
    </source>
    <size>
        <width>300</width>
        <height>300</height>
        <depth>None</depth>
    </size>
    <segmented>0</segmented>
    <object>
        <name>tomato</name>
        <pose>Unspecified</pose>
        <truncated>0</truncated>
        <difficult>0</difficult>
        <bndbox>
            <xmin>54</xmin>
            <ymin>113</ymin>
            <xmax>92</xmax>
            <ymax>156</ymax>
        </bndbox>
    </object>
    <object>
        <name>tomato</name>
        <pose>Unspecified</pose>
        <truncated>0</truncated>
        <difficult>0</difficult>
        <bndbox>
            <xmin>0</xmin>
            <ymin>138</ymin>
            <xmax>43</xmax>
            <ymax>185</ymax>
        </bndbox>
    </object>
    <object>
        <name>tomato</name>
        <pose>Unspecified</pose>
        <truncated>0</truncated>
        <difficult>0</difficult>
        <bndbox>
            <xmin>34</xmin>
            <ymin>147</ymin>
            <xmax>77</xmax>
            <ymax>194</ymax>
        </bndbox>
    </object>
    <object>
        <name>tomato</name>
        <pose>Unspecified</pose>
        <truncated>0</truncated>
        <difficult>0</difficult>
        <bndbox>
            <xmin>92</xmin>
            <ymin>0</ymin>
            <xmax>126</xmax>
            <ymax>35</ymax>
        </bndbox>
    </object>
</annotation>
