<annotation>
        <folder>VineDataset</folder>
        <filename>translaterandom_tomate_barroselas_20200806_0015_05.jpg</filename>
        <path>translaterandom_tomate_barroselas_20200806_0015_05.jpg</path>
        <source>
                <database>Unknown</database>
        </source>
        <size>
                <width>300</width>
                <height>300</height>
                <depth>3</depth>
        </size>
        <segmented>0</segmented>
        <object>
                <name>tomato</name>
                <pose>Unspecified</pose>
                <truncated>0</truncated>
                <difficult>0</difficult>
                <bndbox>
                        <xmin>164.72644</xmin>
                        <ymin>50.282734</ymin>
                        <xmax>195.72644</xmax>
                        <ymax>92.28274</ymax>
                </bndbox>
        </object>
        <object>
                <name>tomato</name>
                <pose>Unspecified</pose>
                <truncated>0</truncated>
                <difficult>0</difficult>
                <bndbox>
                        <xmin>187.72644</xmin>
                        <ymin>35.282734</ymin>
                        <xmax>220.72644</xmax>
                        <ymax>79.28274</ymax>
                </bndbox>
        </object>
</annotation>
