<annotation>
        <folder>VineDataset</folder>
        <filename>translaterandom_tomate_barroselas_20200806_0197_06.jpg</filename>
        <path>translaterandom_tomate_barroselas_20200806_0197_06.jpg</path>
        <source>
                <database>Unknown</database>
        </source>
        <size>
                <width>300</width>
                <height>300</height>
                <depth>3</depth>
        </size>
        <segmented>0</segmented>
        <object>
                <name>tomato</name>
                <pose>Unspecified</pose>
                <truncated>0</truncated>
                <difficult>0</difficult>
                <bndbox>
                        <xmin>49.18149</xmin>
                        <ymin>57.59495</ymin>
                        <xmax>120.18149</xmax>
                        <ymax>136.59496</ymax>
                </bndbox>
        </object>
        <object>
                <name>tomato</name>
                <pose>Unspecified</pose>
                <truncated>0</truncated>
                <difficult>0</difficult>
                <bndbox>
                        <xmin>0.0</xmin>
                        <ymin>81.594955</ymin>
                        <xmax>68.18149</xmax>
                        <ymax>196.59496</ymax>
                </bndbox>
        </object>
        <object>
                <name>tomato</name>
                <pose>Unspecified</pose>
                <truncated>0</truncated>
                <difficult>0</difficult>
                <bndbox>
                        <xmin>69.18149</xmin>
                        <ymin>130.59496</ymin>
                        <xmax>145.18149</xmax>
                        <ymax>234.59496</ymax>
                </bndbox>
        </object>
</annotation>
