<annotation>
        <folder>VineDataset</folder>
        <filename>translaterandom_tomate_barroselas_20200806_0091_10.jpg</filename>
        <path>translaterandom_tomate_barroselas_20200806_0091_10.jpg</path>
        <source>
                <database>Unknown</database>
        </source>
        <size>
                <width>300</width>
                <height>300</height>
                <depth>3</depth>
        </size>
        <segmented>0</segmented>
        <object>
                <name>tomato</name>
                <pose>Unspecified</pose>
                <truncated>0</truncated>
                <difficult>0</difficult>
                <bndbox>
                        <xmin>177.68819</xmin>
                        <ymin>242.25656</ymin>
                        <xmax>214.68819</xmax>
                        <ymax>294.25656</ymax>
                </bndbox>
        </object>
        <object>
                <name>tomato</name>
                <pose>Unspecified</pose>
                <truncated>0</truncated>
                <difficult>0</difficult>
                <bndbox>
                        <xmin>47.688187</xmin>
                        <ymin>176.25656</ymin>
                        <xmax>77.68819</xmax>
                        <ymax>213.25656</ymax>
                </bndbox>
        </object>
</annotation>
