<annotation>
        <folder>VineDataset</folder>
        <filename>translaterandom_tomate_barroselas_20200806_0281_10.jpg</filename>
        <path>translaterandom_tomate_barroselas_20200806_0281_10.jpg</path>
        <source>
                <database>Unknown</database>
        </source>
        <size>
                <width>300</width>
                <height>300</height>
                <depth>3</depth>
        </size>
        <segmented>0</segmented>
        <object>
                <name>tomato</name>
                <pose>Unspecified</pose>
                <truncated>0</truncated>
                <difficult>0</difficult>
                <bndbox>
                        <xmin>64.53477</xmin>
                        <ymin>9.00359</ymin>
                        <xmax>130.53477</xmax>
                        <ymax>81.003586</ymax>
                </bndbox>
        </object>
        <object>
                <name>tomato</name>
                <pose>Unspecified</pose>
                <truncated>0</truncated>
                <difficult>0</difficult>
                <bndbox>
                        <xmin>38.53477</xmin>
                        <ymin>0.0</ymin>
                        <xmax>92.53477</xmax>
                        <ymax>42.00359</ymax>
                </bndbox>
        </object>
</annotation>
