<annotation>
        <folder>VineDataset</folder>
        <filename>translaterandom_tomate_barroselas_20200806_0209_00.jpg</filename>
        <path>translaterandom_tomate_barroselas_20200806_0209_00.jpg</path>
        <source>
                <database>Unknown</database>
        </source>
        <size>
                <width>300</width>
                <height>300</height>
                <depth>3</depth>
        </size>
        <segmented>0</segmented>
        <object>
                <name>tomato</name>
                <pose>Unspecified</pose>
                <truncated>0</truncated>
                <difficult>0</difficult>
                <bndbox>
                        <xmin>79.73249</xmin>
                        <ymin>96.43354</ymin>
                        <xmax>113.73249</xmax>
                        <ymax>128.43353</ymax>
                </bndbox>
        </object>
</annotation>
