<annotation>
        <folder>VineDataset</folder>
        <filename>translaterandom_tomate_barroselas_20200806_0113_01.jpg</filename>
        <path>translaterandom_tomate_barroselas_20200806_0113_01.jpg</path>
        <source>
                <database>Unknown</database>
        </source>
        <size>
                <width>300</width>
                <height>300</height>
                <depth>3</depth>
        </size>
        <segmented>0</segmented>
        <object>
                <name>tomato</name>
                <pose>Unspecified</pose>
                <truncated>0</truncated>
                <difficult>0</difficult>
                <bndbox>
                        <xmin>53.496387</xmin>
                        <ymin>230.88658</ymin>
                        <xmax>76.49638</xmax>
                        <ymax>277.88657</ymax>
                </bndbox>
        </object>
        <object>
                <name>tomato</name>
                <pose>Unspecified</pose>
                <truncated>0</truncated>
                <difficult>0</difficult>
                <bndbox>
                        <xmin>73.49638</xmin>
                        <ymin>100.88658</ymin>
                        <xmax>107.49638</xmax>
                        <ymax>136.88658</ymax>
                </bndbox>
        </object>
</annotation>
