<annotation>
        <folder>VineDataset</folder>
        <filename>translaterandom_tomate_barroselas_20200806_0137_07.jpg</filename>
        <path>translaterandom_tomate_barroselas_20200806_0137_07.jpg</path>
        <source>
                <database>Unknown</database>
        </source>
        <size>
                <width>300</width>
                <height>300</height>
                <depth>3</depth>
        </size>
        <segmented>0</segmented>
        <object>
                <name>tomato</name>
                <pose>Unspecified</pose>
                <truncated>0</truncated>
                <difficult>0</difficult>
                <bndbox>
                        <xmin>101.79043</xmin>
                        <ymin>116.359024</ymin>
                        <xmax>148.79044</xmax>
                        <ymax>159.35902</ymax>
                </bndbox>
        </object>
        <object>
                <name>tomato</name>
                <pose>Unspecified</pose>
                <truncated>0</truncated>
                <difficult>0</difficult>
                <bndbox>
                        <xmin>144.79044</xmin>
                        <ymin>108.359024</ymin>
                        <xmax>189.79044</xmax>
                        <ymax>157.35902</ymax>
                </bndbox>
        </object>
</annotation>
