<annotation>
        <folder>VineDataset</folder>
        <filename>translaterandom_tomate_barroselas_20200806_0043_12.jpg</filename>
        <path>translaterandom_tomate_barroselas_20200806_0043_12.jpg</path>
        <source>
                <database>Unknown</database>
        </source>
        <size>
                <width>300</width>
                <height>300</height>
                <depth>3</depth>
        </size>
        <segmented>0</segmented>
        <object>
                <name>tomato</name>
                <pose>Unspecified</pose>
                <truncated>0</truncated>
                <difficult>0</difficult>
                <bndbox>
                        <xmin>91.708565</xmin>
                        <ymin>21.542473</ymin>
                        <xmax>123.708565</xmax>
                        <ymax>59.542473</ymax>
                </bndbox>
        </object>
        <object>
                <name>tomato</name>
                <pose>Unspecified</pose>
                <truncated>0</truncated>
                <difficult>0</difficult>
                <bndbox>
                        <xmin>77.708565</xmin>
                        <ymin>5.542473</ymin>
                        <xmax>98.708565</xmax>
                        <ymax>40.542473</ymax>
                </bndbox>
        </object>
        <object>
                <name>tomato</name>
                <pose>Unspecified</pose>
                <truncated>0</truncated>
                <difficult>0</difficult>
                <bndbox>
                        <xmin>89.708565</xmin>
                        <ymin>0.0</ymin>
                        <xmax>120.708565</xmax>
                        <ymax>28.542473</ymax>
                </bndbox>
        </object>
</annotation>
