<annotation>
        <folder>VineDataset</folder>
        <filename>translaterandom_tomate_barroselas_20200806_0133_16.jpg</filename>
        <path>translaterandom_tomate_barroselas_20200806_0133_16.jpg</path>
        <source>
                <database>Unknown</database>
        </source>
        <size>
                <width>300</width>
                <height>300</height>
                <depth>3</depth>
        </size>
        <segmented>0</segmented>
        <object>
                <name>tomato</name>
                <pose>Unspecified</pose>
                <truncated>0</truncated>
                <difficult>0</difficult>
                <bndbox>
                        <xmin>178.71873</xmin>
                        <ymin>101.24496</ymin>
                        <xmax>217.71873</xmax>
                        <ymax>159.24496</ymax>
                </bndbox>
        </object>
        <object>
                <name>tomato</name>
                <pose>Unspecified</pose>
                <truncated>0</truncated>
                <difficult>0</difficult>
                <bndbox>
                        <xmin>197.71873</xmin>
                        <ymin>97.24496</ymin>
                        <xmax>244.71873</xmax>
                        <ymax>142.24496</ymax>
                </bndbox>
        </object>
        <object>
                <name>tomato</name>
                <pose>Unspecified</pose>
                <truncated>0</truncated>
                <difficult>0</difficult>
                <bndbox>
                        <xmin>218.71873</xmin>
                        <ymin>100.24496</ymin>
                        <xmax>274.71872</xmax>
                        <ymax>160.24496</ymax>
                </bndbox>
        </object>
</annotation>
