<annotation>
        <folder>VineDataset</folder>
        <filename>translaterandom_tomate_barroselas_20200806_0063_09.jpg</filename>
        <path>translaterandom_tomate_barroselas_20200806_0063_09.jpg</path>
        <source>
                <database>Unknown</database>
        </source>
        <size>
                <width>300</width>
                <height>300</height>
                <depth>3</depth>
        </size>
        <segmented>0</segmented>
        <object>
                <name>tomato</name>
                <pose>Unspecified</pose>
                <truncated>0</truncated>
                <difficult>0</difficult>
                <bndbox>
                        <xmin>178.11441</xmin>
                        <ymin>206.05998</ymin>
                        <xmax>231.11441</xmax>
                        <ymax>275.05997</ymax>
                </bndbox>
        </object>
</annotation>
