<annotation>
        <folder>VineDataset</folder>
        <filename>translaterandom_tomate_barroselas_20200806_0207_08.jpg</filename>
        <path>translaterandom_tomate_barroselas_20200806_0207_08.jpg</path>
        <source>
                <database>Unknown</database>
        </source>
        <size>
                <width>300</width>
                <height>300</height>
                <depth>3</depth>
        </size>
        <segmented>0</segmented>
        <object>
                <name>tomato</name>
                <pose>Unspecified</pose>
                <truncated>0</truncated>
                <difficult>0</difficult>
                <bndbox>
                        <xmin>174.81549</xmin>
                        <ymin>107.42686</ymin>
                        <xmax>235.81549</xmax>
                        <ymax>183.42685</ymax>
                </bndbox>
        </object>
        <object>
                <name>tomato</name>
                <pose>Unspecified</pose>
                <truncated>0</truncated>
                <difficult>0</difficult>
                <bndbox>
                        <xmin>215.81549</xmin>
                        <ymin>83.42686</ymin>
                        <xmax>268.8155</xmax>
                        <ymax>165.42685</ymax>
                </bndbox>
        </object>
</annotation>
