<annotation>
        <folder>VineDataset</folder>
        <filename>translaterandom_tomate_barroselas_20200806_0126_07.jpg</filename>
        <path>translaterandom_tomate_barroselas_20200806_0126_07.jpg</path>
        <source>
                <database>Unknown</database>
        </source>
        <size>
                <width>300</width>
                <height>300</height>
                <depth>3</depth>
        </size>
        <segmented>0</segmented>
        <object>
                <name>tomato</name>
                <pose>Unspecified</pose>
                <truncated>0</truncated>
                <difficult>0</difficult>
                <bndbox>
                        <xmin>55.983757</xmin>
                        <ymin>86.37864</ymin>
                        <xmax>113.98376</xmax>
                        <ymax>137.37863</ymax>
                </bndbox>
        </object>
        <object>
                <name>tomato</name>
                <pose>Unspecified</pose>
                <truncated>0</truncated>
                <difficult>0</difficult>
                <bndbox>
                        <xmin>101.98376</xmin>
                        <ymin>154.37863</ymin>
                        <xmax>145.98376</xmax>
                        <ymax>219.37863</ymax>
                </bndbox>
        </object>
        <object>
                <name>tomato</name>
                <pose>Unspecified</pose>
                <truncated>0</truncated>
                <difficult>0</difficult>
                <bndbox>
                        <xmin>73.98376</xmin>
                        <ymin>124.37864</ymin>
                        <xmax>126.98376</xmax>
                        <ymax>184.37863</ymax>
                </bndbox>
        </object>
        <object>
                <name>tomato</name>
                <pose>Unspecified</pose>
                <truncated>0</truncated>
                <difficult>0</difficult>
                <bndbox>
                        <xmin>133.98376</xmin>
                        <ymin>148.37863</ymin>
                        <xmax>182.98376</xmax>
                        <ymax>196.37863</ymax>
                </bndbox>
        </object>
</annotation>
