<annotation>
	<folder>JPEGImages</folder>
	<filename>translaterandom_tomate_barroselas_20200806_0007_01.jpg</filename>
	<path>/home/samagalhaes/Pictures/TomatoBarroselas_20201006_17h29_300x300/JPEGImages/translaterandom_tomate_barroselas_20200806_0007_01.jpg</path>
	<source>
		<database>Unknown</database>
	</source>
	<size>
		<width>300</width>
		<height>300</height>
		<depth>3</depth>
	</size>
	<segmented>0</segmented>
	<object>
		<name>tomato</name>
		<pose>Unspecified</pose>
		<truncated>0</truncated>
		<difficult>0</difficult>
		<bndbox>
			<xmin>203</xmin>
			<ymin>133</ymin>
			<xmax>237</xmax>
			<ymax>168</ymax>
		</bndbox>
	</object>
	<object>
		<name>tomato</name>
		<pose>Unspecified</pose>
		<truncated>0</truncated>
		<difficult>0</difficult>
		<bndbox>
			<xmin>163</xmin>
			<ymin>255</ymin>
			<xmax>197</xmax>
			<ymax>284</ymax>
		</bndbox>
	</object>
</annotation>
