<annotation>
        <folder>VineDataset</folder>
        <filename>translaterandom_tomate_barroselas_20200806_0085_08.jpg</filename>
        <path>translaterandom_tomate_barroselas_20200806_0085_08.jpg</path>
        <source>
                <database>Unknown</database>
        </source>
        <size>
                <width>300</width>
                <height>300</height>
                <depth>3</depth>
        </size>
        <segmented>0</segmented>
        <object>
                <name>tomato</name>
                <pose>Unspecified</pose>
                <truncated>0</truncated>
                <difficult>0</difficult>
                <bndbox>
                        <xmin>84.308525</xmin>
                        <ymin>205.47449</ymin>
                        <xmax>134.30853</xmax>
                        <ymax>262.4745</ymax>
                </bndbox>
        </object>
        <object>
                <name>tomato</name>
                <pose>Unspecified</pose>
                <truncated>0</truncated>
                <difficult>0</difficult>
                <bndbox>
                        <xmin>69.308525</xmin>
                        <ymin>191.47449</ymin>
                        <xmax>105.308525</xmax>
                        <ymax>229.47449</ymax>
                </bndbox>
        </object>
        <object>
                <name>tomato</name>
                <pose>Unspecified</pose>
                <truncated>0</truncated>
                <difficult>0</difficult>
                <bndbox>
                        <xmin>68.308525</xmin>
                        <ymin>25.474491</ymin>
                        <xmax>126.308525</xmax>
                        <ymax>80.47449</ymax>
                </bndbox>
        </object>
        <object>
                <name>tomato</name>
                <pose>Unspecified</pose>
                <truncated>0</truncated>
                <difficult>0</difficult>
                <bndbox>
                        <xmin>47.308525</xmin>
                        <ymin>159.47449</ymin>
                        <xmax>97.308525</xmax>
                        <ymax>215.47449</ymax>
                </bndbox>
        </object>
        <object>
                <name>tomato</name>
                <pose>Unspecified</pose>
                <truncated>0</truncated>
                <difficult>0</difficult>
                <bndbox>
                        <xmin>101.308525</xmin>
                        <ymin>61.47449</ymin>
                        <xmax>141.30853</xmax>
                        <ymax>115.47449</ymax>
                </bndbox>
        </object>
        <object>
                <name>tomato</name>
                <pose>Unspecified</pose>
                <truncated>0</truncated>
                <difficult>0</difficult>
                <bndbox>
                        <xmin>138.30853</xmin>
                        <ymin>65.47449</ymin>
                        <xmax>180.30853</xmax>
                        <ymax>104.47449</ymax>
                </bndbox>
        </object>
</annotation>
