<annotation>
        <folder>VineDataset</folder>
        <filename>translaterandom_tomate_barroselas_20200806_0033_15.jpg</filename>
        <path>translaterandom_tomate_barroselas_20200806_0033_15.jpg</path>
        <source>
                <database>Unknown</database>
        </source>
        <size>
                <width>300</width>
                <height>300</height>
                <depth>3</depth>
        </size>
        <segmented>0</segmented>
        <object>
                <name>tomato</name>
                <pose>Unspecified</pose>
                <truncated>0</truncated>
                <difficult>0</difficult>
                <bndbox>
                        <xmin>133.6071</xmin>
                        <ymin>0.0</ymin>
                        <xmax>161.6071</xmax>
                        <ymax>23.420172</ymax>
                </bndbox>
        </object>
</annotation>
