<annotation>
        <folder>VineDataset</folder>
        <filename>translaterandom_tomate_barroselas_20200806_0197_01.jpg</filename>
        <path>translaterandom_tomate_barroselas_20200806_0197_01.jpg</path>
        <source>
                <database>Unknown</database>
        </source>
        <size>
                <width>300</width>
                <height>300</height>
                <depth>3</depth>
        </size>
        <segmented>0</segmented>
        <object>
                <name>tomato</name>
                <pose>Unspecified</pose>
                <truncated>0</truncated>
                <difficult>0</difficult>
                <bndbox>
                        <xmin>197.09268</xmin>
                        <ymin>51.917164</ymin>
                        <xmax>273.09268</xmax>
                        <ymax>154.91716</ymax>
                </bndbox>
        </object>
        <object>
                <name>tomato</name>
                <pose>Unspecified</pose>
                <truncated>0</truncated>
                <difficult>0</difficult>
                <bndbox>
                        <xmin>80.09269</xmin>
                        <ymin>88.91716</ymin>
                        <xmax>147.09268</xmax>
                        <ymax>210.91716</ymax>
                </bndbox>
        </object>
        <object>
                <name>tomato</name>
                <pose>Unspecified</pose>
                <truncated>0</truncated>
                <difficult>0</difficult>
                <bndbox>
                        <xmin>126.09269</xmin>
                        <ymin>57.917164</ymin>
                        <xmax>226.09268</xmax>
                        <ymax>168.91716</ymax>
                </bndbox>
        </object>
</annotation>
