<annotation>
        <folder>VineDataset</folder>
        <filename>translaterandom_tomate_barroselas_20200806_0292_02.jpg</filename>
        <path>translaterandom_tomate_barroselas_20200806_0292_02.jpg</path>
        <source>
                <database>Unknown</database>
        </source>
        <size>
                <width>300</width>
                <height>300</height>
                <depth>3</depth>
        </size>
        <segmented>0</segmented>
        <object>
                <name>tomato</name>
                <pose>Unspecified</pose>
                <truncated>0</truncated>
                <difficult>0</difficult>
                <bndbox>
                        <xmin>76.13775</xmin>
                        <ymin>149.40176</ymin>
                        <xmax>121.13775</xmax>
                        <ymax>205.40176</ymax>
                </bndbox>
        </object>
        <object>
                <name>tomato</name>
                <pose>Unspecified</pose>
                <truncated>0</truncated>
                <difficult>0</difficult>
                <bndbox>
                        <xmin>76.13775</xmin>
                        <ymin>182.40176</ymin>
                        <xmax>112.13775</xmax>
                        <ymax>242.40176</ymax>
                </bndbox>
        </object>
</annotation>
