<annotation>
        <folder>VineDataset</folder>
        <filename>translaterandom_tomate_barroselas_20200806_0181_09.jpg</filename>
        <path>translaterandom_tomate_barroselas_20200806_0181_09.jpg</path>
        <source>
                <database>Unknown</database>
        </source>
        <size>
                <width>300</width>
                <height>300</height>
                <depth>3</depth>
        </size>
        <segmented>0</segmented>
        <object>
                <name>tomato</name>
                <pose>Unspecified</pose>
                <truncated>0</truncated>
                <difficult>0</difficult>
                <bndbox>
                        <xmin>37.466732</xmin>
                        <ymin>106.67028</ymin>
                        <xmax>111.466736</xmax>
                        <ymax>186.67029</ymax>
                </bndbox>
        </object>
        <object>
                <name>tomato</name>
                <pose>Unspecified</pose>
                <truncated>0</truncated>
                <difficult>0</difficult>
                <bndbox>
                        <xmin>80.466736</xmin>
                        <ymin>60.67028</ymin>
                        <xmax>156.46674</xmax>
                        <ymax>141.67029</ymax>
                </bndbox>
        </object>
</annotation>
