<annotation>
        <folder>VineDataset</folder>
        <filename>translaterandom_tomate_barroselas_20200806_0244_15.jpg</filename>
        <path>translaterandom_tomate_barroselas_20200806_0244_15.jpg</path>
        <source>
                <database>Unknown</database>
        </source>
        <size>
                <width>300</width>
                <height>300</height>
                <depth>3</depth>
        </size>
        <segmented>0</segmented>
        <object>
                <name>tomato</name>
                <pose>Unspecified</pose>
                <truncated>0</truncated>
                <difficult>0</difficult>
                <bndbox>
                        <xmin>140.88344</xmin>
                        <ymin>16.56659</ymin>
                        <xmax>209.88344</xmax>
                        <ymax>101.56659</ymax>
                </bndbox>
        </object>
        <object>
                <name>tomato</name>
                <pose>Unspecified</pose>
                <truncated>0</truncated>
                <difficult>0</difficult>
                <bndbox>
                        <xmin>209.88344</xmin>
                        <ymin>95.56659</ymin>
                        <xmax>290.88342</xmax>
                        <ymax>183.56659</ymax>
                </bndbox>
        </object>
        <object>
                <name>tomato</name>
                <pose>Unspecified</pose>
                <truncated>0</truncated>
                <difficult>0</difficult>
                <bndbox>
                        <xmin>193.88344</xmin>
                        <ymin>160.56659</ymin>
                        <xmax>240.88344</xmax>
                        <ymax>216.56659</ymax>
                </bndbox>
        </object>
        <object>
                <name>tomato</name>
                <pose>Unspecified</pose>
                <truncated>0</truncated>
                <difficult>0</difficult>
                <bndbox>
                        <xmin>225.88344</xmin>
                        <ymin>163.56659</ymin>
                        <xmax>272.88342</xmax>
                        <ymax>230.56659</ymax>
                </bndbox>
        </object>
</annotation>
