<annotation>
        <folder>VineDataset</folder>
        <filename>translaterandom_tomate_barroselas_20200806_0199_13.jpg</filename>
        <path>translaterandom_tomate_barroselas_20200806_0199_13.jpg</path>
        <source>
                <database>Unknown</database>
        </source>
        <size>
                <width>300</width>
                <height>300</height>
                <depth>3</depth>
        </size>
        <segmented>0</segmented>
        <object>
                <name>tomato</name>
                <pose>Unspecified</pose>
                <truncated>0</truncated>
                <difficult>0</difficult>
                <bndbox>
                        <xmin>111.033615</xmin>
                        <ymin>141.51251</ymin>
                        <xmax>184.03362</xmax>
                        <ymax>207.51251</ymax>
                </bndbox>
        </object>
        <object>
                <name>tomato</name>
                <pose>Unspecified</pose>
                <truncated>0</truncated>
                <difficult>0</difficult>
                <bndbox>
                        <xmin>139.03362</xmin>
                        <ymin>201.51251</ymin>
                        <xmax>216.03362</xmax>
                        <ymax>267.5125</ymax>
                </bndbox>
        </object>
</annotation>
